countyfips,buyer_county,buyer_state,average_population_per_year
01001,AUTAUGA,AL,52612
01003,BALDWIN,AL,175270
01005,BARBOUR,AL,27972
01007,BIBB,AL,22404
01009,BLOUNT,AL,56697
01011,BULLOCK,AL,10891
01013,BUTLER,AL,20762
01015,CALHOUN,AL,116348
01017,CHAMBERS,AL,34606
01019,CHEROKEE,AL,25503
01021,CHILTON,AL,42984
01023,CHOCTAW,AL,14127
01025,CLARKE,AL,26283
01027,CLAY,AL,13992
01029,CLEBURNE,AL,14771
01031,COFFEE,AL,48077
01033,COLBERT,AL,54470
01035,CONECUH,AL,13343
01037,COOSA,AL,11320
01039,COVINGTON,AL,37493
01041,CRENSHAW,AL,13897
01043,CULLMAN,AL,80016
01045,DALE,AL,49493
01047,DALLAS,AL,43862
01049,DE KALB,AL,69707
01051,ELMORE,AL,77486
01053,ESCAMBIA,AL,37886
01055,ETOWAH,AL,103911
01057,FAYETTE,AL,17505
01059,FRANKLIN,AL,31289
01061,GENEVA,AL,26428
01063,GREENE,AL,9244
01065,HALE,AL,16427
01067,HENRY,AL,17062
01069,HOUSTON,AL,98664
01071,JACKSON,AL,53323
01073,JEFFERSON,AL,657520
01075,LAMAR,AL,14693
01077,LAUDERDALE,AL,91245
01079,LAWRENCE,AL,34178
01081,LEE,AL,134311
01083,LIMESTONE,AL,77931
01085,LOWNDES,AL,11874
01087,MACON,AL,21782
01089,MADISON,AL,321377
01091,MARENGO,AL,21269
01093,MARION,AL,30595
01095,MARSHALL,AL,90400
01097,MOBILE,AL,407799
01099,MONROE,AL,23243
01101,MONTGOMERY,AL,227620
01103,MORGAN,AL,117180
01105,PERRY,AL,10670
01107,PICKENS,AL,19846
01109,PIKE,AL,31818
01111,RANDOLPH,AL,22758
01113,RUSSELL,AL,51584
01115,SAINT CLAIR,AL,80094
01117,SHELBY,AL,186955
01119,SUMTER,AL,13776
01121,TALLADEGA,AL,81993
01123,TALLAPOOSA,AL,41398
01125,TUSCALOOSA,AL,186665
01127,WALKER,AL,67797
01129,WASHINGTON,AL,17479
01131,WILCOX,AL,12101
01133,WINSTON,AL,24607
02013,ALEUTIANS EAST,AK,3094
02016,ALEUTIANS WEST,AK,5611
02020,ANCHORAGE,AK,283421
02050,BETHEL,AK,16912
02060,BRISTOL BAY,AK,989
02068,DENALI,AK,1686
02070,DILLINGHAM,AK,4847
02090,FAIRBANKS NORTH STAR,AK,94801
02100,HAINES,AK,2312
02105,HOONAH ANGOON,AK,2142
02110,JUNEAU,AK,31033
02122,KENAI PENINSULA,AK,53763
02130,KETCHIKAN GATEWAY,AK,13376
02150,KODIAK ISLAND,AK,13328
02164,LAKE AND PENINSULA,AK,1568
02170,MATANUSKA SUSITNA,AK,83785
02180,NOME,AK,9341
02185,NORTH SLOPE,AK,8521
02188,NORTHWEST ARCTIC,AK,7488
02195,PETERSBURG,AK,3851
02198,PRINCE OF WALES HYDER,AK,NA
02220,SITKA,AK,8889
02230,SKAGWAY,AK,1033
02232,SKAGWAY HOONAH ANGOON,AK,1033
02240,SOUTHEAST FAIRBANKS,AK,6914
02261,VALDEZ CORDOVA,AK,9600
02270,WADE HAMPTON,AK,7437
02275,WRANGELL,AK,NA
02282,YAKUTAT,AK,622
02290,YUKON KOYUKUK,AK,5680
04001,APACHE,AZ,70150
04003,COCHISE,AZ,128990
04005,COCONINO,AZ,131016
04007,GILA,AZ,53024
04009,GRAHAM,AZ,35737
04011,GREENLEE,AZ,8244
04012,LA PAZ,AZ,20480
04013,MARICOPA,AZ,3767575
04015,MOHAVE,AZ,198582
04017,NAVAJO,AZ,107504
04019,PIMA,AZ,967783
04021,PINAL,AZ,322615
04023,SANTA CRUZ,AZ,45452
04025,YAVAPAI,AZ,209258
04027,YUMA,AZ,190333
05001,ARKANSAS,AR,19339
05003,ASHLEY,AR,22160
05005,BAXTER,AR,41378
05007,BENTON,AR,209746
05009,BOONE,AR,36683
05011,BRADLEY,AR,11693
05013,CALHOUN,AR,5516
05015,CARROLL,AR,26985
05017,CHICOT,AR,12138
05019,CLARK,AR,23162
05021,CLAY,AR,16259
05023,CLEBURNE,AR,25603
05025,CLEVELAND,AR,8762
05027,COLUMBIA,AR,24706
05029,CONWAY,AR,20974
05031,CRAIGHEAD,AR,92991
05033,CRAWFORD,AR,60399
05035,CRITTENDEN,AR,50813
05037,CROSS,AR,18246
05039,DALLAS,AR,8277
05041,DESHA,AR,13401
05043,DREW,AR,18583
05045,FAULKNER,AR,107816
05047,FRANKLIN,AR,18157
05049,FULTON,AR,12203
05051,GARLAND,AR,95458
05053,GRANT,AR,17638
05055,GREENE,AR,41167
05057,HEMPSTEAD,AR,22792
05059,HOT SPRING,AR,32531
05061,HOWARD,AR,13848
05063,INDEPENDENCE,AR,35755
05065,IZARD,AR,13536
05067,JACKSON,AR,17866
05069,JEFFERSON,AR,78542
05071,JOHNSON,AR,25094
05073,LAFAYETTE,AR,7760
05075,LAWRENCE,AR,17263
05077,LEE,AR,10736
05079,LINCOLN,AR,14142
05081,LITTLE RIVER,AR,13086
05083,LOGAN,AR,22590
05085,LONOKE,AR,65407
05087,MADISON,AR,15488
05089,MARION,AR,16767
05091,MILLER,AR,43023
05093,MISSISSIPPI,AR,46780
05095,MONROE,AR,8520
05099,NEVADA,AR,9181
05101,NEWTON,AR,8381
05103,OUACHITA,AR,26235
05105,PERRY,AR,10412
05107,PHILLIPS,AR,22364
05109,PIKE,AR,11212
05111,POINSETT,AR,24716
05113,POLK,AR,20411
05115,POPE,AR,60225
05117,PRAIRIE,AR,8827
05119,PULASKI,AR,376766
05121,RANDOLPH,AR,18061
05123,SAINT FRANCIS,AR,28051
05125,SALINE,AR,101325
05127,SCOTT,AR,11222
05129,SEARCY,AR,8189
05131,SEBASTIAN,AR,123447
05133,SEVIER,AR,16600
05135,SHARP,AR,17477
05137,STONE,AR,12283
05139,UNION,AR,42316
05141,VAN BUREN,AR,17107
05143,WASHINGTON,AR,196755
05145,WHITE,AR,74713
05147,WOODRUFF,AR,7544
05149,YELL,AR,21851
06001,ALAMEDA,CA,1474642
06003,ALPINE,CA,1206
06005,AMADOR,CA,38247
06007,BUTTE,CA,218470
06009,CALAVERAS,CA,46060
06011,COLUSA,CA,21127
06013,CONTRA COSTA,CA,1023368
06015,DEL NORTE,CA,28483
06017,EL DORADO,CA,178419
06019,FRESNO,CA,905735
06021,GLENN,CA,27911
06023,HUMBOLDT,CA,132388
06025,IMPERIAL,CA,166562
06027,INYO,CA,18274
06029,KERN,CA,810167
06031,KINGS,CA,150328
06033,LAKE,CA,64364
06035,LASSEN,CA,34940
06037,LOS ANGELES,CA,9763540
06039,MADERA,CA,147258
06041,MARIN,CA,248280
06043,MARIPOSA,CA,18234
06045,MENDOCINO,CA,87215
06047,MERCED,CA,249622
06049,MODOC,CA,9513
06051,MONO,CA,13759
06053,MONTEREY,CA,407167
06055,NAPA,CA,133766
06057,NEVADA,CA,97958
06059,ORANGE,CA,2967947
06061,PLACER,CA,335813
06063,PLUMAS,CA,20414
06065,RIVERSIDE,CA,2098694
06067,SACRAMENTO,CA,1392391
06069,SAN BENITO,CA,54578
06071,SAN BERNARDINO,CA,2003777
06073,SAN DIEGO,CA,3016644
06075,SAN FRANCISCO,CA,790094
06077,SAN JOAQUIN,CA,672593
06079,SAN LUIS OBISPO,CA,265049
06081,SAN MATEO,CA,703839
06083,SANTA BARBARA,CA,413807
06085,SANTA CLARA,CA,1737724
06087,SANTA CRUZ,CA,255926
06089,SHASTA,CA,177311
06091,SIERRA,CA,3309
06093,SISKIYOU,CA,44598
06095,SOLANO,CA,409707
06097,SONOMA,CA,472272
06099,STANISLAUS,CA,509135
06101,SUTTER,CA,92983
06103,TEHAMA,CA,62249
06105,TRINITY,CA,13709
06107,TULARE,CA,427165
06109,TUOLUMNE,CA,56016
06111,VENTURA,CA,806356
06113,YOLO,CA,195752
06115,YUBA,CA,71133
08001,ADAMS,CO,424185
08003,ALAMOSA,CO,15352
08005,ARAPAHOE,CO,551572
08007,ARCHULETA,CO,12153
08009,BACA,CO,3839
08011,BENT,CO,6043
08013,BOULDER,CO,291236
08014,BROOMFIELD,CO,52814
08015,CHAFFEE,CO,17433
08017,CHEYENNE,CO,1973
08019,CLEAR CREEK,CO,9064
08021,CONEJOS,CO,8198
08023,COSTILLA,CO,3514
08025,CROWLEY,CO,5953
08027,CUSTER,CO,3967
08029,DELTA,CO,30412
08031,DENVER,CO,578915
08033,DOLORES,CO,1952
08035,DOUGLAS,CO,272747
08037,EAGLE,CO,50577
08039,ELBERT,CO,22696
08041,EL PASO,CO,597940
08043,FREMONT,CO,47054
08045,GARFIELD,CO,54320
08047,GILPIN,CO,5101
08049,GRAND,CO,14321
08051,GUNNISON,CO,15105
08053,HINSDALE,CO,719
08055,HUERFANO,CO,7067
08057,JACKSON,CO,1409
08059,JEFFERSON,CO,528793
08061,KIOWA,CO,1524
08063,KIT CARSON,CO,8105
08065,LAKE,CO,7367
08067,LA PLATA,CO,50043
08069,LARIMER,CO,290513
08071,LAS ANIMAS,CO,15657
08073,LINCOLN,CO,5450
08075,LOGAN,CO,22038
08077,MESA,CO,141249
08079,MINERAL,CO,842
08081,MOFFAT,CO,13465
08083,MONTEZUMA,CO,25203
08085,MONTROSE,CO,39998
08087,MORGAN,CO,27849
08089,OTERO,CO,18829
08091,OURAY,CO,4343
08093,PARK,CO,16367
08095,PHILLIPS,CO,4398
08097,PITKIN,CO,16169
08099,PROWERS,CO,12803
08101,PUEBLO,CO,155853
08103,RIO BLANCO,CO,6442
08105,RIO GRANDE,CO,11893
08107,ROUTT,CO,22764
08109,SAGUACHE,CO,6285
08111,SAN JUAN,CO,709
08113,SAN MIGUEL,CO,7323
08115,SEDGWICK,CO,2409
08117,SUMMIT,CO,26909
08119,TELLER,CO,22612
08121,WASHINGTON,CO,4787
08123,WELD,CO,242559
08125,YUMA,CO,9848
09001,FAIRFIELD,CT,903693
09003,HARTFORD,CT,885745
09005,LITCHFIELD,CT,189578
09007,MIDDLESEX,CT,164608
09009,NEW HAVEN,CT,854343
09011,NEW LONDON,CT,271325
09013,TOLLAND,CT,150538
09015,WINDHAM,CT,117459
10001,KENT,DE,156081
10003,NEW CASTLE,DE,532731
10005,SUSSEX,DE,189900
11001,DISTRICT OF COLUMBIA,DC,585410
12001,ALACHUA,FL,243499
12003,BAKER,FL,26344
12005,BAY,FL,166301
12007,BRADFORD,FL,28713
12009,BREVARD,FL,539551
12011,BROWARD,FL,1740155
12013,CALHOUN,FL,14234
12015,CHARLOTTE,FL,159030
12017,CITRUS,FL,140247
12019,CLAY,FL,185084
12021,COLLIER,FL,316776
12023,COLUMBIA,FL,67001
12027,DE SOTO,FL,34565
12029,DIXIE,FL,15972
12031,DUVAL,FL,853816
12033,ESCAMBIA,FL,298915
12035,FLAGLER,FL,90893
12037,FRANKLIN,FL,11404
12039,GADSDEN,FL,46175
12041,GILCHRIST,FL,16687
12043,GLADES,FL,12390
12045,GULF,FL,15840
12047,HAMILTON,FL,14600
12049,HARDEE,FL,27626
12051,HENDRY,FL,38998
12053,HERNANDO,FL,169752
12055,HIGHLANDS,FL,98663
12057,HILLSBOROUGH,FL,1196905
12059,HOLMES,FL,19855
12061,INDIAN RIVER,FL,134977
12063,JACKSON,FL,49283
12065,JEFFERSON,FL,14450
12067,LAFAYETTE,FL,8427
12069,LAKE,FL,292569
12071,LEE,FL,602618
12073,LEON,FL,269145
12075,LEVY,FL,40075
12077,LIBERTY,FL,8154
12079,MADISON,FL,19235
12081,MANATEE,FL,318101
12083,MARION,FL,325686
12085,MARTIN,FL,143543
12086,MIAMI-DADE,FL,2449552
12087,MONROE,FL,73294
12089,NASSAU,FL,70587
12091,OKALOOSA,FL,182415
12093,OKEECHOBEE,FL,39865
12095,ORANGE,FL,1109277
12097,OSCEOLA,FL,258357
12099,PALM BEACH,FL,1295351
12101,PASCO,FL,456006
12103,PINELLAS,FL,918104
12105,POLK,FL,586974
12107,PUTNAM,FL,74508
12109,SAINT JOHNS,FL,179815
12111,SAINT LUCIE,FL,267692
12113,SANTA ROSA,FL,147997
12115,SARASOTA,FL,375199
12117,SEMINOLE,FL,416058
12119,SUMTER,FL,83805
12121,SUWANNEE,FL,40572
12123,TAYLOR,FL,21803
12125,UNION,FL,15263
12127,VOLUSIA,FL,496174
12129,WAKULLA,FL,29374
12131,WALTON,FL,53231
12133,WASHINGTON,FL,23919
13001,APPLING,GA,18035
13003,ATKINSON,GA,8299
13005,BACON,GA,10896
13007,BAKER,GA,3679
13009,BALDWIN,GA,46798
13011,BANKS,GA,17590
13013,BARROW,GA,66219
13015,BARTOW,GA,96543
13017,BEN HILL,GA,17622
13019,BERRIEN,GA,18400
13021,BIBB,GA,154824
13023,BLECKLEY,GA,12883
13025,BRANTLEY,GA,17285
13027,BROOKS,GA,16300
13029,BRYAN,GA,29205
13031,BULLOCH,GA,67171
13033,BURKE,GA,23039
13035,BUTTS,GA,23412
13037,CALHOUN,GA,6404
13039,CAMDEN,GA,48919
13043,CANDLER,GA,10665
13045,CARROLL,GA,109422
13047,CATOOSA,GA,62829
13049,CHARLTON,GA,12204
13051,CHATHAM,GA,255188
13053,CHATTAHOOCHEE,GA,12155
13055,CHATTOOGA,GA,26057
13057,CHEROKEE,GA,205415
13059,CLARKE,GA,114845
13061,CLAY,GA,3176
13063,CLAYTON,GA,262246
13065,CLINCH,GA,6869
13067,COBB,GA,679470
13069,COFFEE,GA,41481
13071,COLQUITT,GA,44677
13073,COLUMBIA,GA,116471
13075,COOK,GA,16869
13077,COWETA,GA,120879
13079,CRAWFORD,GA,12798
13081,CRISP,GA,23027
13083,DADE,GA,16514
13085,DAWSON,GA,21654
13087,DECATUR,GA,27978
13089,DEKALB,GA,692343
13091,DODGE,GA,21112
13093,DOOLY,GA,13812
13095,DOUGHERTY,GA,94622
13097,DOUGLAS,GA,126863
13099,EARLY,GA,11354
13101,ECHOLS,GA,3996
13103,EFFINGHAM,GA,50396
13105,ELBERT,GA,20433
13107,EMANUEL,GA,22375
13109,EVANS,GA,11022
13111,FANNIN,GA,23173
13113,FAYETTE,GA,105364
13115,FLOYD,GA,95661
13117,FORSYTH,GA,162859
13119,FRANKLIN,GA,22057
13121,FULTON,GA,902097
13123,GILMER,GA,28110
13125,GLASCOCK,GA,2966
13127,GLYNN,GA,77128
13129,GORDON,GA,53699
13131,GRADY,GA,24751
13133,GREENE,GA,15810
13135,GWINNETT,GA,776507
13137,HABERSHAM,GA,42116
13139,HALL,GA,175436
13141,HANCOCK,GA,9640
13143,HARALSON,GA,28538
13145,HARRIS,GA,30476
13147,HART,GA,24902
13149,HEARD,GA,11662
13151,HENRY,GA,191810
13153,HOUSTON,GA,134378
13155,IRWIN,GA,9743
13157,JACKSON,GA,58291
13159,JASPER,GA,13654
13161,JEFF DAVIS,GA,14348
13163,JEFFERSON,GA,16820
13165,JENKINS,GA,8435
13167,JOHNSON,GA,9865
13169,JONES,GA,28113
13171,LAMAR,GA,17664
13173,LANIER,GA,9185
13175,LAURENS,GA,47871
13177,LEE,GA,28690
13179,LIBERTY,GA,63317
13181,LINCOLN,GA,8096
13183,LONG,GA,12863
13185,LOWNDES,GA,104503
13187,LUMPKIN,GA,28487
13189,MCDUFFIE,GA,21675
13191,MCINTOSH,GA,13402
13193,MACON,GA,14332
13195,MADISON,GA,27750
13197,MARION,GA,8183
13199,MERIWETHER,GA,22471
13201,MILLER,GA,6131
13205,MITCHELL,GA,23726
13207,MONROE,GA,25684
13209,MONTGOMERY,GA,9099
13211,MORGAN,GA,17797
13213,MURRAY,GA,40011
13215,MUSCOGEE,GA,187875
13217,NEWTON,GA,96344
13219,OCONEE,GA,31452
13221,OGLETHORPE,GA,14427
13223,PAULDING,GA,133206
13225,PEACH,GA,26712
13227,PICKENS,GA,29260
13229,PIERCE,GA,18110
13231,PIKE,GA,17323
13233,POLK,GA,41094
13235,PULASKI,GA,11316
13237,PUTNAM,GA,20804
13239,QUITMAN,GA,2547
13241,RABUN,GA,16298
13243,RANDOLPH,GA,7635
13245,RICHMOND,GA,198149
13247,ROCKDALE,GA,82786
13249,SCHLEY,GA,4649
13251,SCREVEN,GA,14820
13253,SEMINOLE,GA,8851
13255,SPALDING,GA,63196
13257,STEPHENS,GA,25757
13259,STEWART,GA,5640
13261,SUMTER,GA,32752
13263,TALBOT,GA,6850
13265,TALIAFERRO,GA,1843
13267,TATTNALL,GA,23997
13269,TAYLOR,GA,8805
13271,TELFAIR,GA,15607
13273,TERRELL,GA,9746
13275,THOMAS,GA,44550
13277,TIFT,GA,40203
13279,TOOMBS,GA,27239
13281,TOWNS,GA,10485
13283,TREUTLEN,GA,6833
13285,TROUP,GA,65326
13287,TURNER,GA,9068
13289,TWIGGS,GA,9504
13291,UNION,GA,21011
13293,UPSON,GA,27314
13295,WALKER,GA,67261
13297,WALTON,GA,81515
13299,WARE,GA,35950
13301,WARREN,GA,5921
13303,WASHINGTON,GA,21021
13305,WAYNE,GA,29599
13307,WEBSTER,GA,2648
13309,WHEELER,GA,7104
13311,WHITE,GA,26222
13313,WHITFIELD,GA,98742
13315,WILCOX,GA,8974
13317,WILKES,GA,10499
13319,WILKINSON,GA,9737
13321,WORTH,GA,21669
15001,HAWAII,HI,179129
15003,HONOLULU,HI,932146
15007,KAUAI,HI,65067
15009,MAUI,HI,149394
16001,ADA,ID,379161
16003,ADAMS,ID,3882
16005,BANNOCK,ID,80554
16007,BEAR LAKE,ID,6003
16009,BENEWAH,ID,9290
16011,BINGHAM,ID,44296
16013,BLAINE,ID,21358
16015,BOISE,ID,7175
16017,BONNER,ID,40725
16019,BONNEVILLE,ID,99501
16021,BOUNDARY,ID,10765
16023,BUTTE,ID,2822
16025,CAMAS,ID,1152
16027,CANYON,ID,181770
16029,CARIBOU,ID,6879
16031,CASSIA,ID,21936
16033,CLARK,ID,906
16035,CLEARWATER,ID,8674
16037,CUSTER,ID,4245
16039,ELMORE,ID,26902
16041,FRANKLIN,ID,12441
16043,FREMONT,ID,12963
16045,GEM,ID,16727
16047,GOODING,ID,15000
16049,IDAHO,ID,15837
16051,JEFFERSON,ID,24179
16053,JEROME,ID,21037
16055,KOOTENAI,ID,134646
16057,LATAH,ID,36772
16059,LEMHI,ID,7849
16061,LEWIS,ID,3738
16063,LINCOLN,ID,4938
16065,MADISON,ID,36450
16067,MINIDOKA,ID,19371
16069,NEZ PERCE,ID,38848
16071,ONEIDA,ID,4191
16073,OWYHEE,ID,11314
16075,PAYETTE,ID,22452
16077,POWER,ID,7624
16079,SHOSHONE,ID,12907
16081,TETON,ID,9208
16083,TWIN FALLS,ID,74516
16085,VALLEY,ID,9665
16087,WASHINGTON,ID,10080
17001,ADAMS,IL,67008
17003,ALEXANDER,IL,8415
17005,BOND,IL,17955
17007,BOONE,IL,53387
17009,BROWN,IL,6843
17011,BUREAU,IL,35008
17013,CALHOUN,IL,5110
17015,CARROLL,IL,15649
17017,CASS,IL,13629
17019,CHAMPAIGN,IL,196916
17021,CHRISTIAN,IL,34895
17023,CLARK,IL,16586
17025,CLAY,IL,13908
17027,CLINTON,IL,37240
17029,COLES,IL,53341
17031,COOK,IL,5184579
17033,CRAWFORD,IL,19817
17035,CUMBERLAND,IL,11039
17037,DEKALB,IL,103942
17039,DEWITT,IL,16632
17041,DOUGLAS,IL,19922
17043,DUPAGE,IL,913679
17045,EDGAR,IL,18769
17047,EDWARDS,IL,6678
17049,EFFINGHAM,IL,34243
17051,FAYETTE,IL,21854
17053,FORD,IL,14088
17055,FRANKLIN,IL,39495
17057,FULTON,IL,37151
17059,GALLATIN,IL,5804
17061,GREENE,IL,13944
17063,GRUNDY,IL,48352
17065,HAMILTON,IL,8411
17067,HANCOCK,IL,19161
17069,HARDIN,IL,4414
17071,HENDERSON,IL,7473
17073,HENRY,IL,50322
17075,IROQUOIS,IL,30070
17077,JACKSON,IL,59654
17079,JASPER,IL,9744
17081,JEFFERSON,IL,39348
17083,JERSEY,IL,22845
17085,JO DAVIESS,IL,22652
17087,JOHNSON,IL,12862
17089,KANE,IL,500983
17091,KANKAKEE,IL,111900
17093,KENDALL,IL,103554
17095,KNOX,IL,52788
17097,LAKE,IL,697385
17099,LA SALLE,IL,113534
17101,LAWRENCE,IL,16807
17103,LEE,IL,35893
17105,LIVINGSTON,IL,38855
17107,LOGAN,IL,30369
17109,MCDONOUGH,IL,32758
17111,MCHENRY,IL,306839
17113,MCLEAN,IL,166184
17115,MACON,IL,110415
17117,MACOUPIN,IL,48026
17119,MADISON,IL,267675
17121,MARION,IL,39692
17123,MARSHALL,IL,12767
17125,MASON,IL,14945
17127,MASSAC,IL,15370
17129,MENARD,IL,12674
17131,MERCER,IL,16543
17133,MONROE,IL,32411
17135,MONTGOMERY,IL,30152
17137,MORGAN,IL,35705
17139,MOULTRIE,IL,14665
17141,OGLE,IL,53731
17143,PEORIA,IL,184723
17145,PERRY,IL,22492
17147,PIATT,IL,16665
17149,PIKE,IL,16579
17151,POPE,IL,4363
17153,PULASKI,IL,6282
17155,PUTNAM,IL,5975
17157,RANDOLPH,IL,33449
17159,RICHLAND,IL,16076
17161,ROCK ISLAND,IL,147410
17163,SAINT CLAIR,IL,265669
17165,SALINE,IL,25305
17167,SANGAMON,IL,195091
17169,SCHUYLER,IL,7438
17171,SCOTT,IL,5348
17173,SHELBY,IL,22279
17175,STARK,IL,6076
17177,STEPHENSON,IL,47627
17179,TAZEWELL,IL,133331
17181,UNION,IL,17976
17183,VERMILION,IL,81875
17185,WABASH,IL,12152
17187,WARREN,IL,17727
17189,WASHINGTON,IL,14822
17191,WAYNE,IL,16800
17193,WHITE,IL,14802
17195,WHITESIDE,IL,58781
17197,WILL,IL,667199
17199,WILLIAMSON,IL,65350
17201,WINNEBAGO,IL,294032
17203,WOODFORD,IL,38176
18001,ADAMS,IN,34112
18003,ALLEN,IN,350964
18005,BARTHOLOMEW,IN,75746
18007,BENTON,IN,8807
18009,BLACKFORD,IN,13002
18011,BOONE,IN,54637
18013,BROWN,IN,15183
18015,CARROLL,IN,20089
18017,CASS,IN,39075
18019,CLARK,IN,106979
18021,CLAY,IN,26951
18023,CLINTON,IN,33371
18025,CRAWFORD,IN,10830
18027,DAVIESS,IN,30903
18029,DEARBORN,IN,49541
18031,DECATUR,IN,25523
18033,DE KALB,IN,41941
18035,DELAWARE,IN,117047
18037,DUBOIS,IN,41745
18039,ELKHART,IN,197092
18041,FAYETTE,IN,24361
18043,FLOYD,IN,73478
18045,FOUNTAIN,IN,17301
18047,FRANKLIN,IN,23184
18049,FULTON,IN,20607
18051,GIBSON,IN,33302
18053,GRANT,IN,70004
18055,GREENE,IN,33009
18057,HAMILTON,IN,261140
18059,HANCOCK,IN,67604
18061,HARRISON,IN,38308
18063,HENDRICKS,IN,139048
18065,HENRY,IN,48673
18067,HOWARD,IN,83454
18069,HUNTINGTON,IN,37413
18071,JACKSON,IN,41960
18073,JASPER,IN,32906
18075,JAY,IN,21438
18077,JEFFERSON,IN,32416
18079,JENNINGS,IN,28377
18081,JOHNSON,IN,135959
18083,KNOX,IN,38351
18085,KOSCIUSKO,IN,76837
18087,LAGRANGE,IN,37002
18089,LAKE,IN,493777
18091,LA PORTE,IN,110773
18093,LAWRENCE,IN,46159
18095,MADISON,IN,131304
18097,MARION,IN,889074
18099,MARSHALL,IN,46911
18101,MARTIN,IN,10285
18103,MIAMI,IN,37193
18105,MONROE,IN,133459
18107,MONTGOMERY,IN,38116
18109,MORGAN,IN,68912
18111,NEWTON,IN,14256
18113,NOBLE,IN,47537
18115,OHIO,IN,6027
18117,ORANGE,IN,19777
18119,OWEN,IN,21833
18121,PARKE,IN,17346
18123,PERRY,IN,19267
18125,PIKE,IN,12902
18127,PORTER,IN,161694
18129,POSEY,IN,26116
18131,PULASKI,IN,13620
18133,PUTNAM,IN,37914
18135,RANDOLPH,IN,26203
18137,RIPLEY,IN,28375
18139,RUSH,IN,17549
18141,ST JOSEPH,IN,266467
18143,SCOTT,IN,24017
18145,SHELBY,IN,44174
18147,SPENCER,IN,20865
18149,STARKE,IN,23338
18151,STEUBEN,IN,33991
18153,SULLIVAN,IN,21478
18155,SWITZERLAND,IN,10260
18157,TIPPECANOE,IN,167674
18159,TIPTON,IN,16121
18161,UNION,IN,7400
18163,VANDERBURGH,IN,177729
18165,VERMILLION,IN,16402
18167,VIGO,IN,106890
18169,WABASH,IN,33188
18171,WARREN,IN,8562
18173,WARRICK,IN,58163
18175,WASHINGTON,IN,28155
18177,WAYNE,IN,69032
18179,WELLS,IN,27760
18181,WHITE,IN,24623
18183,WHITLEY,IN,32911
19001,ADAIR,IA,7743
19003,ADAMS,IA,4126
19005,ALLAMAKEE,IA,14341
19007,APPANOOSE,IA,13023
19009,AUDUBON,IA,6176
19011,BENTON,IA,26166
19013,BLACK HAWK,IA,128853
19015,BOONE,IA,26404
19017,BREMER,IA,24095
19019,BUCHANAN,IA,21018
19021,BUENA VISTA,IA,19915
19023,BUTLER,IA,14873
19025,CALHOUN,IA,9912
19027,CARROLL,IA,20796
19029,CASS,IA,13937
19031,CEDAR,IA,18341
19033,CERRO GORDO,IA,44260
19035,CHEROKEE,IA,12031
19037,CHICKASAW,IA,12450
19039,CLARKE,IA,9198
19041,CLAY,IA,16707
19043,CLAYTON,IA,18116
19045,CLINTON,IA,49256
19047,CRAWFORD,IA,16892
19049,DALLAS,IA,61096
19051,DAVIS,IA,8664
19053,DECATUR,IA,8466
19055,DELAWARE,IA,17801
19057,DES MOINES,IA,40303
19059,DICKINSON,IA,16680
19061,DUBUQUE,IA,92500
19063,EMMET,IA,10376
19065,FAYETTE,IA,20927
19067,FLOYD,IA,16352
19069,FRANKLIN,IA,10685
19071,FREMONT,IA,7517
19073,GREENE,IA,9457
19075,GRUNDY,IA,12360
19077,GUTHRIE,IA,11040
19079,HAMILTON,IA,15827
19081,HANCOCK,IA,11488
19083,HARDIN,IA,17660
19085,HARRISON,IA,15108
19087,HENRY,IA,20262
19089,HOWARD,IA,9597
19091,HUMBOLDT,IA,9873
19093,IDA,IA,7155
19095,IOWA,IA,16270
19097,JACKSON,IA,19936
19099,JASPER,IA,36991
19101,JEFFERSON,IA,16466
19103,JOHNSON,IA,126781
19105,JONES,IA,20684
19107,KEOKUK,IA,10625
19109,KOSSUTH,IA,15712
19111,LEE,IA,35943
19113,LINN,IA,207399
19115,LOUISA,IA,11713
19117,LUCAS,IA,9173
19119,LYON,IA,11532
19121,MADISON,IA,15451
19123,MAHASKA,IA,22359
19125,MARION,IA,33283
19127,MARSHALL,IA,39974
19129,MILLS,IA,15145
19131,MITCHELL,IA,10801
19133,MONONA,IA,9322
19135,MONROE,IA,7879
19137,MONTGOMERY,IA,10908
19139,MUSCATINE,IA,42471
19141,OBRIEN,IA,14349
19143,OSCEOLA,IA,6559
19145,PAGE,IA,16064
19147,PALO ALTO,IA,9492
19149,PLYMOUTH,IA,24840
19151,POCAHONTAS,IA,7524
19153,POLK,IA,418736
19155,POTTAWATTAMIE,IA,91528
19157,POWESHIEK,IA,18950
19159,RINGGOLD,IA,5157
19161,SAC,IA,10457
19163,SCOTT,IA,162254
19165,SHELBY,IA,12323
19167,SIOUX,IA,33194
19169,STORY,IA,87114
19171,TAMA,IA,17917
19173,TAYLOR,IA,6405
19175,UNION,IA,12353
19177,VAN BUREN,IA,7648
19179,WAPELLO,IA,35511
19181,WARREN,IA,45162
19183,WASHINGTON,IA,21571
19185,WAYNE,IA,6386
19187,WEBSTER,IA,38278
19189,WINNEBAGO,IA,10934
19191,WINNESHIEK,IA,20990
19193,WOODBURY,IA,101227
19195,WORTH,IA,7624
19197,WRIGHT,IA,13333
20001,ALLEN,KS,13465
20003,ANDERSON,KS,8052
20005,ATCHISON,KS,16809
20007,BARBER,KS,4876
20009,BARTON,KS,27507
20011,BOURBON,KS,15036
20013,BROWN,KS,10021
20015,BUTLER,KS,64487
20017,CHASE,KS,2844
20019,CHAUTAUQUA,KS,3747
20021,CHEROKEE,KS,21668
20023,CHEYENNE,KS,2784
20025,CLARK,KS,2203
20027,CLAY,KS,8557
20029,CLOUD,KS,9502
20031,COFFEY,KS,8562
20033,COMANCHE,KS,1871
20035,COWLEY,KS,35844
20037,CRAWFORD,KS,38954
20039,DECATUR,KS,3005
20041,DICKINSON,KS,19549
20043,DONIPHAN,KS,7929
20045,DOUGLAS,KS,109716
20047,EDWARDS,KS,3062
20049,ELK,KS,2938
20051,ELLIS,KS,27935
20053,ELLSWORTH,KS,6446
20055,FINNEY,KS,36776
20057,FORD,KS,32701
20059,FRANKLIN,KS,25886
20061,GEARY,KS,30373
20063,GOVE,KS,2716
20065,GRAHAM,KS,2659
20067,GRANT,KS,7700
20069,GRAY,KS,5865
20071,GREELEY,KS,1247
20073,GREENWOOD,KS,6839
20075,HAMILTON,KS,2628
20077,HARPER,KS,5994
20079,HARVEY,KS,34041
20081,HASKELL,KS,4171
20083,HODGEMAN,KS,1963
20085,JACKSON,KS,13346
20087,JEFFERSON,KS,18950
20089,JEWELL,KS,3161
20091,JOHNSON,KS,530298
20093,KEARNY,KS,3994
20095,KINGMAN,KS,7933
20097,KIOWA,KS,2669
20099,LABETTE,KS,21800
20101,LANE,KS,1695
20103,LEAVENWORTH,KS,74428
20105,LINCOLN,KS,3305
20107,LINN,KS,9756
20109,LOGAN,KS,2763
20111,LYON,KS,35181
20113,MCPHERSON,KS,29154
20115,MARION,KS,12612
20117,MARSHALL,KS,10145
20119,MEADE,KS,4501
20121,MIAMI,KS,31838
20123,MITCHELL,KS,6368
20125,MONTGOMERY,KS,35225
20127,MORRIS,KS,5946
20129,MORTON,KS,3221
20131,NEMAHA,KS,10239
20133,NEOSHO,KS,16482
20135,NESS,KS,3100
20137,NORTON,KS,5660
20139,OSAGE,KS,16430
20141,OSBORNE,KS,3900
20143,OTTAWA,KS,6093
20145,PAWNEE,KS,6839
20147,PHILLIPS,KS,5550
20149,POTTAWATOMIE,KS,20573
20151,PRATT,KS,9633
20153,RAWLINS,KS,2592
20155,RENO,KS,63900
20157,REPUBLIC,KS,5046
20159,RICE,KS,10137
20161,RILEY,KS,69231
20163,ROOKS,KS,5234
20165,RUSH,KS,3273
20167,RUSSELL,KS,6880
20169,SALINE,KS,54832
20171,SCOTT,KS,4801
20173,SEDGWICK,KS,483940
20175,SEWARD,KS,22604
20177,SHAWNEE,KS,175199
20179,SHERIDAN,KS,2565
20181,SHERMAN,KS,5996
20183,SMITH,KS,3937
20185,STAFFORD,KS,4419
20187,STANTON,KS,2187
20189,STEVENS,KS,5455
20191,SUMNER,KS,24181
20193,THOMAS,KS,7705
20195,TREGO,KS,2968
20197,WABAUNSEE,KS,6974
20199,WALLACE,KS,1492
20201,WASHINGTON,KS,5855
20203,WICHITA,KS,2239
20205,WILSON,KS,9610
20207,WOODSON,KS,3353
20209,WYANDOTTE,KS,155128
21001,ADAIR,KY,18435
21003,ALLEN,KY,19573
21005,ANDERSON,KY,21080
21007,BALLARD,KY,8224
21009,BARREN,KY,41560
21011,BATH,KY,11587
21013,BELL,KY,28833
21015,BOONE,KY,114389
21017,BOURBON,KY,19907
21019,BOYD,KY,49205
21021,BOYLE,KY,28340
21023,BRACKEN,KY,8499
21025,BREATHITT,KY,14422
21027,BRECKINRIDGE,KY,19782
21029,BULLITT,KY,72623
21031,BUTLER,KY,12860
21033,CALDWELL,KY,12913
21035,CALLOWAY,KY,36663
21037,CAMPBELL,KY,88733
21039,CARLISLE,KY,5131
21041,CARROLL,KY,10680
21043,CARTER,KY,27711
21045,CASEY,KY,15992
21047,CHRISTIAN,KY,73578
21049,CLARK,KY,35296
21051,CLAY,KY,22452
21053,CLINTON,KY,10054
21055,CRITTENDEN,KY,9289
21057,CUMBERLAND,KY,6922
21059,DAVIESS,KY,95159
21061,EDMONSON,KY,12060
21063,ELLIOTT,KY,7570
21065,ESTILL,KY,14755
21067,FAYETTE,KY,287952
21069,FLEMING,KY,14377
21071,FLOYD,KY,40246
21073,FRANKLIN,KY,49019
21075,FULTON,KY,6864
21077,GALLATIN,KY,8363
21079,GARRARD,KY,16836
21081,GRANT,KY,24678
21083,GRAVES,KY,37059
21085,GRAYSON,KY,25515
21087,GREEN,KY,11404
21089,GREENUP,KY,37035
21091,HANCOCK,KY,8564
21093,HARDIN,KY,100367
21095,HARLAN,KY,29864
21097,HARRISON,KY,18711
21099,HART,KY,18228
21101,HENDERSON,KY,45849
21103,HENRY,KY,15524
21105,HICKMAN,KY,4937
21107,HOPKINS,KY,46792
21109,JACKSON,KY,13543
21111,JEFFERSON,KY,726606
21113,JESSAMINE,KY,46799
21115,JOHNSON,KY,23403
21117,KENTON,KY,157775
21119,KNOTT,KY,16675
21121,KNOX,KY,31828
21123,LARUE,KY,14005
21125,LAUREL,KY,57997
21127,LAWRENCE,KY,15916
21129,LEE,KY,7792
21131,LESLIE,KY,11506
21133,LETCHER,KY,24365
21135,LEWIS,KY,13960
21137,LINCOLN,KY,24809
21139,LIVINGSTON,KY,9524
21141,LOGAN,KY,26855
21143,LYON,KY,8368
21145,MCCRACKEN,KY,65168
21147,MCCREARY,KY,18116
21149,MCLEAN,KY,9654
21151,MADISON,KY,81556
21153,MAGOFFIN,KY,13250
21155,MARION,KY,19567
21157,MARSHALL,KY,31333
21159,MARTIN,KY,13163
21161,MASON,KY,17336
21163,MEADE,KY,28790
21165,MENIFEE,KY,6476
21167,MERCER,KY,21327
21169,METCALFE,KY,10131
21171,MONROE,KY,11167
21173,MONTGOMERY,KY,25768
21175,MORGAN,KY,14084
21177,MUHLENBERG,KY,31500
21179,NELSON,KY,42489
21181,NICHOLAS,KY,7099
21183,OHIO,KY,23817
21185,OLDHAM,KY,58381
21187,OWEN,KY,10987
21189,OWSLEY,KY,4735
21191,PENDLETON,KY,14890
21193,PERRY,KY,28781
21195,PIKE,KY,65319
21197,POWELL,KY,12915
21199,PULASKI,KY,61737
21201,ROBERTSON,KY,2264
21203,ROCKCASTLE,KY,17013
21205,ROWAN,KY,22993
21207,RUSSELL,KY,17388
21209,SCOTT,KY,44520
21211,SHELBY,KY,40834
21213,SIMPSON,KY,17184
21215,SPENCER,KY,16598
21217,TAYLOR,KY,24224
21219,TODD,KY,12258
21221,TRIGG,KY,13981
21223,TRIMBLE,KY,8884
21225,UNION,KY,15093
21227,WARREN,KY,108890
21229,WASHINGTON,KY,11568
21231,WAYNE,KY,20698
21233,WEBSTER,KY,13752
21235,WHITLEY,KY,36346
21237,WOLFE,KY,7271
21239,WOODFORD,KY,24489
22001,ACADIA,LA,60885
22003,ALLEN,LA,25771
22005,ASCENSION,LA,101896
22007,ASSUMPTION,LA,23396
22009,AVOYELLES,LA,42004
22011,BEAUREGARD,LA,34978
22013,BIENVILLE,LA,14591
22015,BOSSIER,LA,113207
22017,CADDO,LA,252980
22019,CALCASIEU,LA,188387
22021,CALDWELL,LA,10214
22023,CAMERON,LA,7365
22025,CATAHOULA,LA,10460
22027,CLAIBORNE,LA,17011
22029,CONCORDIA,LA,20243
22031,DE SOTO,LA,26454
22033,EAST BATON ROUGE,LA,434463
22035,EAST CARROLL,LA,8007
22037,EAST FELICIANA,LA,20468
22039,EVANGELINE,LA,34594
22041,FRANKLIN,LA,20625
22043,GRANT,LA,21338
22045,IBERIA,LA,73614
22047,IBERVILLE,LA,33405
22049,JACKSON,LA,15932
22051,JEFFERSON,LA,432414
22053,JEFFERSON DAVIS,LA,31429
22055,LAFAYETTE,LA,213874
22057,LAFOURCHE,LA,95052
22059,LA SALLE,LA,14575
22061,LINCOLN,LA,45322
22063,LIVINGSTON,LA,121773
22065,MADISON,LA,12237
22067,MOREHOUSE,LA,28430
22069,NATCHITOCHES,LA,39199
22071,ORLEANS,LA,298219
22073,OUACHITA,LA,151860
22075,PLAQUEMINES,LA,22754
22077,POINTE COUPEE,LA,22769
22079,RAPIDES,LA,130995
22081,RED RIVER,LA,9168
22083,RICHLAND,LA,20671
22085,SABINE,LA,24060
22087,SAINT BERNARD,LA,29047
22089,SAINT CHARLES,LA,52445
22091,SAINT HELENA,LA,11014
22093,SAINT JAMES,LA,21917
22095,ST JOHN THE BAPTIST,LA,46774
22097,SAINT LANDRY,LA,85333
22099,SAINT MARTIN,LA,51709
22101,SAINT MARY,LA,53812
22103,SAINT TAMMANY,LA,228431
22105,TANGIPAHOA,LA,117576
22107,TENSAS,LA,5475
22109,TERREBONNE,LA,110671
22111,UNION,LA,22742
22113,VERMILION,LA,57034
22115,VERNON,LA,49823
22117,WASHINGTON,LA,46278
22119,WEBSTER,LA,41171
22121,WEST BATON ROUGE,LA,23145
22123,WEST CARROLL,LA,11666
22125,WEST FELICIANA,LA,15597
22127,WINN,LA,15471
23001,ANDROSCOGGIN,ME,107736
23003,AROOSTOOK,ME,72338
23005,CUMBERLAND,ME,279422
23007,FRANKLIN,ME,30513
23009,HANCOCK,ME,54169
23011,KENNEBEC,ME,121733
23013,KNOX,ME,40252
23015,LINCOLN,ME,34728
23017,OXFORD,ME,57664
23019,PENOBSCOT,ME,152232
23021,PISCATAQUIS,ME,17482
23023,SAGADAHOC,ME,35826
23025,SOMERSET,ME,52105
23027,WALDO,ME,38679
23029,WASHINGTON,ME,33090
23031,YORK,ME,198151
24001,ALLEGANY,MD,74248
24003,ANNE ARUNDEL,MD,525011
24005,BALTIMORE,MD,797736
24009,CALVERT,MD,87904
24011,CAROLINE,MD,32764
24013,CARROLL,MD,167496
24015,CECIL,MD,99959
24017,CHARLES,MD,143482
24019,DORCHESTER,MD,32185
24021,FREDERICK,MD,228620
24023,GARRETT,MD,30071
24025,HARFORD,MD,242587
24027,HOWARD,MD,278774
24029,KENT,MD,20005
24031,MONTGOMERY,MD,946985
24033,PRINCE GEORGES,MD,852267
24035,QUEEN ANNES,MD,46894
24037,SAINT MARYS,MD,101847
24039,SOMERSET,MD,26337
24041,TALBOT,MD,37170
24043,WASHINGTON,MD,146089
24045,WICOMICO,MD,96346
24047,WORCESTER,MD,50835
24510,BALTIMORE CITY,MD,623190
25001,BARNSTABLE,MA,218322
25003,BERKSHIRE,MA,131288
25005,BRISTOL,MA,546274
25007,DUKES,MA,16083
25009,ESSEX,MA,735640
25011,FRANKLIN,MA,71598
25013,HAMPDEN,MA,463166
25015,HAMPSHIRE,MA,157084
25017,MIDDLESEX,MA,1479393
25019,NANTUCKET,MA,10197
25021,NORFOLK,MA,661399
25023,PLYMOUTH,MA,490977
25025,SUFFOLK,MA,707920
25027,WORCESTER,MA,792330
26001,ALCONA,MI,11264
26003,ALGER,MI,9619
26005,ALLEGAN,MI,111624
26007,ALPENA,MI,29940
26009,ANTRIM,MI,24008
26011,ARENAC,MI,16507
26013,BARAGA,MI,8841
26015,BARRY,MI,59490
26017,BAY,MI,108081
26019,BENZIE,MI,17684
26021,BERRIEN,MI,157646
26023,BRANCH,MI,46079
26025,CALHOUN,MI,137113
26027,CASS,MI,52184
26029,CHARLEVOIX,MI,26244
26031,CHEBOYGAN,MI,26731
26033,CHIPPEWA,MI,39048
26035,CLARE,MI,31120
26037,CLINTON,MI,73531
26039,CRAWFORD,MI,14372
26041,DELTA,MI,37433
26043,DICKINSON,MI,26680
26045,EATON,MI,107921
26047,EMMET,MI,32920
26049,GENESEE,MI,433248
26051,GLADWIN,MI,26137
26053,GOGEBIC,MI,16421
26055,GRAND TRAVERSE,MI,85986
26057,GRATIOT,MI,42570
26059,HILLSDALE,MI,46938
26061,HOUGHTON,MI,36027
26063,HURON,MI,33572
26065,INGHAM,MI,281125
26067,IONIA,MI,64631
26069,IOSCO,MI,26411
26071,IRON,MI,12042
26073,ISABELLA,MI,69007
26075,JACKSON,MI,161687
26077,KALAMAZOO,MI,246898
26079,KALKASKA,MI,17388
26081,KENT,MI,600148
26083,KEWEENAW,MI,2138
26085,LAKE,MI,11569
26087,LAPEER,MI,90282
26089,LEELANAU,MI,21765
26091,LENAWEE,MI,100939
26093,LIVINGSTON,MI,181595
26095,LUCE,MI,6683
26097,MACKINAC,MI,11238
26099,MACOMB,MI,836262
26101,MANISTEE,MI,24934
26103,MARQUETTE,MI,66360
26105,MASON,MI,28706
26107,MECOSTA,MI,42667
26109,MENOMINEE,MI,24252
26111,MIDLAND,MI,83531
26113,MISSAUKEE,MI,14984
26115,MONROE,MI,152818
26117,MONTCALM,MI,63465
26119,MONTMORENCY,MI,9962
26121,MUSKEGON,MI,173310
26123,NEWAYGO,MI,49020
26125,OAKLAND,MI,1202255
26127,OCEANA,MI,27167
26129,OGEMAW,MI,21786
26131,ONTONAGON,MI,6961
26133,OSCEOLA,MI,23603
26135,OSCODA,MI,8914
26137,OTSEGO,MI,24394
26139,OTTAWA,MI,261108
26141,PRESQUE ISLE,MI,13712
26143,ROSCOMMON,MI,25015
26145,SAGINAW,MI,202442
26147,SAINT CLAIR,MI,166304
26149,SAINT JOSEPH,MI,61939
26151,SANILAC,MI,43953
26153,SCHOOLCRAFT,MI,8614
26155,SHIAWASSEE,MI,71605
26157,TUSCOLA,MI,56569
26159,VAN BUREN,MI,76761
26161,WASHTENAW,MI,344516
26163,WAYNE,MI,1887651
26165,WEXFORD,MI,32508
27001,AITKIN,MN,16275
27003,ANOKA,MN,327422
27005,BECKER,MN,32224
27007,BELTRAMI,MN,43748
27009,BENTON,MN,38336
27011,BIG STONE,MN,5325
27013,BLUE EARTH,MN,62271
27015,BROWN,MN,25998
27017,CARLTON,MN,34771
27019,CARVER,MN,88576
27021,CASS,MN,28653
27023,CHIPPEWA,MN,12413
27025,CHISAGO,MN,52320
27027,CLAY,MN,56699
27029,CLEARWATER,MN,8539
27031,COOK,MN,5246
27033,COTTONWOOD,MN,11665
27035,CROW WING,MN,61768
27037,DAKOTA,MN,392814
27039,DODGE,MN,19779
27041,DOUGLAS,MN,35923
27043,FARIBAULT,MN,14831
27045,FILLMORE,MN,20985
27047,FREEBORN,MN,31356
27049,GOODHUE,MN,45873
27051,GRANT,MN,6071
27053,HENNEPIN,MN,1136892
27055,HOUSTON,MN,19265
27057,HUBBARD,MN,19975
27059,ISANTI,MN,37847
27061,ITASCA,MN,44753
27063,JACKSON,MN,10479
27065,KANABEC,MN,16347
27067,KANDIYOHI,MN,41711
27069,KITTSON,MN,4609
27071,KOOCHICHING,MN,13461
27073,LAC QUI PARLE,MN,7331
27075,LAKE,MN,10878
27077,LAKE OF THE WOODS,MN,4142
27079,LE SUEUR,MN,27736
27081,LINCOLN,MN,5919
27083,LYON,MN,25477
27085,MCLEOD,MN,36792
27087,MAHNOMEN,MN,5323
27089,MARSHALL,MN,9576
27091,MARTIN,MN,20793
27093,MEEKER,MN,23348
27095,MILLE LACS,MN,26058
27097,MORRISON,MN,33038
27099,MOWER,MN,38734
27101,MURRAY,MN,8736
27103,NICOLLET,MN,32165
27105,NOBLES,MN,20900
27107,NORMAN,MN,6828
27109,OLMSTED,MN,140923
27111,OTTER TAIL,MN,57482
27113,PENNINGTON,MN,13853
27115,PINE,MN,29200
27117,PIPESTONE,MN,9518
27119,POLK,MN,31209
27121,POPE,MN,11049
27123,RAMSEY,MN,502956
27125,RED LAKE,MN,4103
27127,REDWOOD,MN,16002
27129,RENVILLE,MN,16015
27131,RICE,MN,62866
27133,ROCK,MN,9569
27135,ROSEAU,MN,15891
27137,SAINT LOUIS,MN,199042
27139,SCOTT,MN,126095
27141,SHERBURNE,MN,86574
27143,SIBLEY,MN,15191
27145,STEARNS,MN,147556
27147,STEELE,MN,36386
27149,STEVENS,MN,9694
27151,SWIFT,MN,10085
27153,TODD,MN,24672
27155,TRAVERSE,MN,3662
27157,WABASHA,MN,21747
27159,WADENA,MN,13738
27161,WASECA,MN,19245
27163,WASHINGTON,MN,231538
27165,WATONWAN,MN,11182
27167,WILKIN,MN,6619
27169,WINONA,MN,51059
27171,WRIGHT,MN,120061
27173,YELLOW MEDICINE,MN,10442
28001,ADAMS,MS,32528
28003,ALCORN,MS,36540
28005,AMITE,MS,13325
28007,ATTALA,MS,19525
28009,BENTON,MS,8559
28011,BOLIVAR,MS,35417
28013,CALHOUN,MS,14878
28015,CARROLL,MS,10557
28017,CHICKASAW,MS,17872
28019,CHOCTAW,MS,8736
28021,CLAIBORNE,MS,10079
28023,CLARKE,MS,16885
28025,CLAY,MS,20883
28027,COAHOMA,MS,26820
28029,COPIAH,MS,29449
28031,COVINGTON,MS,19668
28033,DESOTO,MS,153665
28035,FORREST,MS,74942
28037,FRANKLIN,MS,8142
28039,GEORGE,MS,22038
28041,GREENE,MS,13930
28043,GRENADA,MS,22287
28045,HANCOCK,MS,42210
28047,HARRISON,MS,181737
28049,HINDS,MS,246758
28051,HOLMES,MS,19722
28053,HUMPHREYS,MS,9671
28055,ISSAQUENA,MS,1732
28057,ITAWAMBA,MS,23278
28059,JACKSON,MS,136182
28061,JASPER,MS,17454
28063,JEFFERSON,MS,8118
28065,JEFFERSON DAVIS,MS,12653
28067,JONES,MS,67113
28069,KEMPER,MS,10381
28071,LAFAYETTE,MS,45466
28073,LAMAR,MS,51752
28075,LAUDERDALE,MS,79140
28077,LAWRENCE,MS,13026
28079,LEAKE,MS,23383
28081,LEE,MS,81267
28083,LEFLORE,MS,33396
28085,LINCOLN,MS,34558
28087,LOWNDES,MS,59430
28089,MADISON,MS,91534
28091,MARION,MS,26526
28093,MARSHALL,MS,36883
28095,MONROE,MS,37238
28097,MONTGOMERY,MS,11179
28099,NESHOBA,MS,29592
28101,NEWTON,MS,21902
28103,NOXUBEE,MS,11756
28105,OKTIBBEHA,MS,46038
28107,PANOLA,MS,34830
28109,PEARL RIVER,MS,55958
28111,PERRY,MS,12222
28113,PIKE,MS,40168
28115,PONTOTOC,MS,29397
28117,PRENTISS,MS,25442
28119,QUITMAN,MS,8593
28121,RANKIN,MS,138412
28123,SCOTT,MS,28312
28125,SHARKEY,MS,5064
28127,SIMPSON,MS,27616
28129,SMITH,MS,16348
28131,STONE,MS,16703
28133,SUNFLOWER,MS,30565
28135,TALLAHATCHIE,MS,14964
28137,TATE,MS,27944
28139,TIPPAH,MS,21880
28141,TISHOMINGO,MS,19467
28143,TUNICA,MS,10747
28145,UNION,MS,26921
28147,WALTHALL,MS,15495
28149,WARREN,MS,48804
28151,WASHINGTON,MS,52939
28153,WAYNE,MS,20977
28155,WEBSTER,MS,10086
28157,WILKINSON,MS,10072
28159,WINSTON,MS,19407
28161,YALOBUSHA,MS,12974
28163,YAZOO,MS,28422
29001,ADAIR,MO,25210
29003,ANDREW,MO,16962
29005,ATCHISON,MO,5844
29007,AUDRAIN,MO,25711
29009,BARRY,MO,35789
29011,BARTON,MO,12656
29013,BATES,MO,17102
29015,BENTON,MO,18905
29017,BOLLINGER,MO,12395
29019,BOONE,MO,157191
29021,BUCHANAN,MO,88176
29023,BUTLER,MO,42262
29025,CALDWELL,MO,9335
29027,CALLAWAY,MO,43647
29029,CAMDEN,MO,42658
29031,CAPE GIRARDEAU,MO,74029
29033,CARROLL,MO,9541
29035,CARTER,MO,6105
29037,CASS,MO,97477
29039,CEDAR,MO,14054
29041,CHARITON,MO,7852
29043,CHRISTIAN,MO,73832
29045,CLARK,MO,7164
29047,CLAY,MO,215159
29049,CLINTON,MO,20693
29051,COLE,MO,74558
29053,COOPER,MO,17549
29055,CRAWFORD,MO,24529
29057,DADE,MO,7862
29059,DALLAS,MO,16793
29061,DAVIESS,MO,8298
29063,DEKALB,MO,12781
29065,DENT,MO,15419
29067,DOUGLAS,MO,13649
29069,DUNKLIN,MO,32071
29071,FRANKLIN,MO,100580
29073,GASCONADE,MO,15333
29075,GENTRY,MO,6698
29077,GREENE,MO,269042
29079,GRUNDY,MO,10195
29081,HARRISON,MO,8902
29083,HENRY,MO,22361
29085,HICKORY,MO,9495
29087,HOLT,MO,4933
29089,HOWARD,MO,10084
29091,HOWELL,MO,39587
29093,IRON,MO,10576
29095,JACKSON,MO,669785
29097,JASPER,MO,114788
29099,JEFFERSON,MO,216038
29101,JOHNSON,MO,52081
29103,KNOX,MO,4120
29105,LACLEDE,MO,35313
29107,LAFAYETTE,MO,33219
29109,LAWRENCE,MO,38206
29111,LEWIS,MO,10195
29113,LINCOLN,MO,51249
29115,LINN,MO,12800
29117,LIVINGSTON,MO,14815
29119,MCDONALD,MO,22972
29121,MACON,MO,15526
29123,MADISON,MO,12278
29125,MARIES,MO,9171
29127,MARION,MO,28504
29129,MERCER,MO,3689
29131,MILLER,MO,24805
29133,MISSISSIPPI,MO,14035
29135,MONITEAU,MO,15408
29137,MONROE,MO,9096
29139,MONTGOMERY,MO,12197
29141,MORGAN,MO,20624
29143,NEW MADRID,MO,18656
29145,NEWTON,MO,57317
29147,NODAWAY,MO,22872
29149,OREGON,MO,10687
29151,OSAGE,MO,13707
29153,OZARK,MO,9634
29155,PEMISCOT,MO,18598
29157,PERRY,MO,18878
29159,PETTIS,MO,41427
29161,PHELPS,MO,44105
29163,PIKE,MO,18591
29165,PLATTE,MO,86971
29167,POLK,MO,30588
29169,PULASKI,MO,48287
29171,PUTNAM,MO,5024
29173,RALLS,MO,10077
29175,RANDOLPH,MO,25507
29177,RAY,MO,23637
29179,REYNOLDS,MO,6651
29181,RIPLEY,MO,13982
29183,SAINT CHARLES,MO,349208
29185,SAINT CLAIR,MO,9690
29186,SAINTE GENEVIEVE,MO,18136
29187,SAINT FRANCOIS,MO,63975
29189,SAINT LOUIS,MO,998865
29195,SALINE,MO,23041
29197,SCHUYLER,MO,4316
29199,SCOTLAND,MO,4824
29201,SCOTT,MO,39573
29203,SHANNON,MO,8383
29205,SHELBY,MO,6438
29207,STODDARD,MO,30019
29209,STONE,MO,31849
29211,SULLIVAN,MO,6738
29213,TANEY,MO,48745
29215,TEXAS,MO,25461
29217,VERNON,MO,20759
29219,WARREN,MO,31390
29221,WASHINGTON,MO,24855
29223,WAYNE,MO,13300
29225,WEBSTER,MO,35661
29227,WORTH,MO,2165
29229,WRIGHT,MO,18640
29510,SAINT LOUIS CITY,MO,323832
30001,BEAVERHEAD,MT,9089
30003,BIG HORN,MT,12682
30005,BLAINE,MT,6484
30007,BROADWATER,MT,5174
30009,CARBON,MT,9952
30011,CARTER,MT,1244
30013,CASCADE,MT,80752
30015,CHOUTEAU,MT,5687
30017,CUSTER,MT,11485
30019,DANIELS,MT,1677
30021,DAWSON,MT,8884
30023,DEER LODGE,MT,9216
30025,FALLON,MT,2811
30027,FERGUS,MT,11452
30029,FLATHEAD,MT,88774
30031,GALLATIN,MT,87604
30033,GARFIELD,MT,1185
30035,GLACIER,MT,13279
30037,GOLDEN VALLEY,MT,879
30039,GRANITE,MT,3021
30041,HILL,MT,16084
30043,JEFFERSON,MT,11137
30045,JUDITH BASIN,MT,2065
30047,LAKE,MT,28455
30049,LEWIS AND CLARK,MT,61382
30051,LIBERTY,MT,2238
30053,LINCOLN,MT,19369
30055,MCCONE,MT,1762
30057,MADISON,MT,7546
30059,MEAGHER,MT,1882
30061,MINERAL,MT,4147
30063,MISSOULA,MT,106998
30065,MUSSELSHELL,MT,4427
30067,PARK,MT,15780
30069,PETROLEUM,MT,527
30071,PHILLIPS,MT,4162
30073,PONDERA,MT,6118
30075,POWDER RIVER,MT,1705
30077,POWELL,MT,7077
30079,PRAIRIE,MT,1098
30081,RAVALLI,MT,40055
30083,RICHLAND,MT,9473
30085,ROOSEVELT,MT,10269
30087,ROSEBUD,MT,9141
30089,SANDERS,MT,11305
30091,SHERIDAN,MT,3472
30093,SILVER BOW,MT,33633
30095,STILLWATER,MT,8871
30097,SWEET GRASS,MT,3712
30099,TETON,MT,6117
30101,TOOLE,MT,5110
30103,TREASURE,MT,792
30105,VALLEY,MT,7295
30107,WHEATLAND,MT,2097
30109,WIBAUX,MT,977
30111,YELLOWSTONE,MT,143455
31001,ADAMS,NE,31370
31003,ANTELOPE,NE,6733
31005,ARTHUR,NE,441
31007,BANNER,NE,736
31009,BLAINE,NE,513
31011,BOONE,NE,5546
31013,BOX BUTTE,NE,11337
31015,BOYD,NE,2100
31017,BROWN,NE,3200
31019,BUFFALO,NE,45362
31021,BURT,NE,6976
31023,BUTLER,NE,8376
31025,CASS,NE,25286
31027,CEDAR,NE,8853
31029,CHASE,NE,3896
31031,CHERRY,NE,5779
31033,CHEYENNE,NE,10029
31035,CLAY,NE,6519
31037,COLFAX,NE,10164
31039,CUMING,NE,9264
31041,CUSTER,NE,10980
31043,DAKOTA,NE,20580
31045,DAWES,NE,9085
31047,DAWSON,NE,24313
31049,DEUEL,NE,1974
31051,DIXON,NE,6027
31053,DODGE,NE,36490
31055,DOUGLAS,NE,504363
31057,DUNDY,NE,1989
31059,FILLMORE,NE,5966
31061,FRANKLIN,NE,3220
31063,FRONTIER,NE,2778
31065,FURNAS,NE,4899
31067,GAGE,NE,22636
31069,GARDEN,NE,2016
31071,GARFIELD,NE,2022
31073,GOSPER,NE,2040
31075,GRANT,NE,648
31077,GREELEY,NE,2514
31079,HALL,NE,56675
31081,HAMILTON,NE,9179
31083,HARLAN,NE,3448
31085,HAYES,NE,1006
31087,HITCHCOCK,NE,2915
31089,HOLT,NE,10449
31091,HOOKER,NE,711
31093,HOWARD,NE,6329
31095,JEFFERSON,NE,7689
31097,JOHNSON,NE,5189
31099,KEARNEY,NE,6565
31101,KEITH,NE,8287
31103,KEYA PAHA,NE,813
31105,KIMBALL,NE,3784
31107,KNOX,NE,8728
31109,LANCASTER,NE,278731
31111,LINCOLN,NE,36049
31113,LOGAN,NE,726
31115,LOUP,NE,615
31117,MCPHERSON,NE,481
31119,MADISON,NE,34695
31121,MERRICK,NE,7751
31123,MORRILL,NE,5055
31125,NANCE,NE,3728
31127,NEMAHA,NE,7215
31129,NUCKOLLS,NE,4577
31131,OTOE,NE,15705
31133,PAWNEE,NE,2751
31135,PERKINS,NE,2953
31137,PHELPS,NE,9231
31139,PIERCE,NE,7302
31141,PLATTE,NE,31663
31143,POLK,NE,5371
31145,RED WILLOW,NE,11022
31147,RICHARDSON,NE,8443
31149,ROCK,NE,1563
31151,SALINE,NE,14069
31153,SARPY,NE,151265
31155,SAUNDERS,NE,20476
31157,SCOTTS BLUFF,NE,36530
31159,SEWARD,NE,16624
31161,SHERIDAN,NE,5515
31163,SHERMAN,NE,3116
31165,SIOUX,NE,1333
31167,STANTON,NE,6233
31169,THAYER,NE,5244
31171,THOMAS,NE,710
31173,THURSTON,NE,6957
31175,VALLEY,NE,4286
31177,WASHINGTON,NE,20090
31179,WAYNE,NE,9527
31181,WEBSTER,NE,3774
31183,WHEELER,NE,772
31185,YORK,NE,13941
32001,CHURCHILL,NV,24884
32003,CLARK,NV,1883491
32005,DOUGLAS,NV,46874
32007,ELKO,NV,47548
32009,ESMERALDA,NV,869
32011,EUREKA,NV,1677
32013,HUMBOLDT,NV,16202
32015,LANDER,NV,5466
32017,LINCOLN,NV,4962
32019,LYON,NV,51413
32021,MINERAL,NV,4791
32023,NYE,NV,43692
32027,PERSHING,NV,6642
32029,STOREY,NV,4045
32031,WASHOE,NV,411596
32033,WHITE PINE,NV,9649
32510,CARSON CITY,NV,55350
33001,BELKNAP,NH,60296
33003,CARROLL,NH,47743
33005,CHESHIRE,NH,77414
33007,COOS,NH,33259
33009,GRAFTON,NH,87915
33011,HILLSBOROUGH,NH,400006
33013,MERRIMACK,NH,147039
33015,ROCKINGHAM,NH,295014
33017,STRAFFORD,NH,122075
33019,SULLIVAN,NH,43464
34001,ATLANTIC,NJ,272619
34003,BERGEN,NJ,895441
34005,BURLINGTON,NJ,447734
34007,CAMDEN,NJ,514050
34009,CAPE MAY,NJ,97571
34011,CUMBERLAND,NJ,155332
34013,ESSEX,NJ,779417
34015,GLOUCESTER,NJ,285024
34017,HUDSON,NJ,618038
34019,HUNTERDON,NJ,128554
34021,MERCER,NJ,364290
34023,MIDDLESEX,NJ,796346
34025,MONMOUTH,NJ,629886
34027,MORRIS,NJ,489429
34029,OCEAN,NJ,568557
34031,PASSAIC,NJ,494813
34033,SALEM,NJ,65946
34035,SOMERSET,NJ,319427
34037,SUSSEX,NJ,150148
34039,UNION,NJ,528286
34041,WARREN,NJ,109053
35001,BERNALILLO,NM,643632
35003,CATRON,NM,3611
35005,CHAVES,NM,63911
35006,CIBOLA,NM,27208
35007,COLFAX,NM,13716
35009,CURRY,NM,46655
35011,DE BACA,NM,1969
35013,DONA ANA,NM,200904
35015,EDDY,NM,52398
35017,GRANT,NM,29711
35019,GUADALUPE,NM,4652
35021,HARDING,NM,722
35023,HIDALGO,NM,4967
35025,LEA,NM,61751
35027,LINCOLN,NM,20542
35028,LOS ALAMOS,NM,18179
35029,LUNA,NM,25485
35031,MCKINLEY,NM,70740
35033,MORA,NM,4931
35035,OTERO,NM,62975
35037,QUAY,NM,8996
35039,RIO ARRIBA,NM,40271
35041,ROOSEVELT,NM,19330
35043,SANDOVAL,NM,122951
35045,SAN JUAN,NM,126404
35047,SAN MIGUEL,NM,29190
35049,SANTA FE,NM,141881
35051,SIERRA,NM,12027
35053,SOCORRO,NM,17991
35055,TAOS,NM,32376
35057,TORRANCE,NM,16465
35059,UNION,NM,4273
35061,VALENCIA,NM,73940
36001,ALBANY,NY,303205
36003,ALLEGANY,NY,49134
36005,BRONX,NY,1367703
36007,BROOME,NY,199886
36009,CATTARAUGUS,NY,80704
36011,CAYUGA,NY,80375
36013,CHAUTAUQUA,NY,135044
36015,CHEMUNG,NY,88607
36017,CHENANGO,NY,51066
36019,CLINTON,NY,82280
36021,COLUMBIA,NY,63072
36023,CORTLAND,NY,49309
36025,DELAWARE,NY,47918
36027,DUTCHESS,NY,295539
36029,ERIE,NY,920383
36031,ESSEX,NY,39187
36033,FRANKLIN,NY,51526
36035,FULTON,NY,55392
36037,GENESEE,NY,59695
36039,GREENE,NY,49345
36041,HAMILTON,NY,4925
36043,HERKIMER,NY,64054
36045,JEFFERSON,NY,115623
36047,KINGS,NY,2477371
36049,LEWIS,NY,26898
36051,LIVINGSTON,NY,65094
36053,MADISON,NY,72388
36055,MONROE,NY,739860
36057,MONTGOMERY,NY,49723
36059,NASSAU,NY,1332424
36061,NEW YORK,NY,1590842
36063,NIAGARA,NY,215759
36065,ONEIDA,NY,233949
36067,ONONDAGA,NY,462048
36069,ONTARIO,NY,105923
36071,ORANGE,NY,371015
36073,ORLEANS,NY,43082
36075,OSWEGO,NY,122143
36077,OTSEGO,NY,62532
36079,PUTNAM,NY,99481
36081,QUEENS,NY,2210264
36083,RENSSELAER,NY,158108
36085,RICHMOND,NY,465992
36087,ROCKLAND,NY,304275
36089,SAINT LAWRENCE,NY,111459
36091,SARATOGA,NY,217116
36093,SCHENECTADY,NY,152792
36095,SCHOHARIE,NY,32633
36097,SCHUYLER,NY,18647
36099,SENECA,NY,35166
36101,STEUBEN,NY,98424
36103,SUFFOLK,NY,1486316
36105,SULLIVAN,NY,77346
36107,TIOGA,NY,51242
36109,TOMPKINS,NY,100535
36111,ULSTER,NY,182622
36113,WARREN,NY,65723
36115,WASHINGTON,NY,62990
36117,WAYNE,NY,93327
36119,WESTCHESTER,NY,940746
36121,WYOMING,NY,42282
36123,YATES,NY,25154
37001,ALAMANCE,NC,146618
37003,ALEXANDER,NC,36678
37005,ALLEGHANY,NC,11042
37007,ANSON,NC,26516
37009,ASHE,NC,26549
37011,AVERY,NC,17941
37013,BEAUFORT,NC,46962
37015,BERTIE,NC,20597
37017,BLADEN,NC,34259
37019,BRUNSWICK,NC,101439
37021,BUNCOMBE,NC,232201
37023,BURKE,NC,90279
37025,CABARRUS,NC,168565
37027,CALDWELL,NC,81645
37029,CAMDEN,NC,9659
37031,CARTERET,NC,64797
37033,CASWELL,NC,23749
37035,CATAWBA,NC,153305
37037,CHATHAM,NC,61413
37039,CHEROKEE,NC,27139
37041,CHOWAN,NC,14828
37043,CLAY,NC,10363
37045,CLEVELAND,NC,97794
37047,COLUMBUS,NC,56272
37049,CRAVEN,NC,99349
37051,CUMBERLAND,NC,312224
37053,CURRITUCK,NC,23388
37055,DARE,NC,33717
37057,DAVIDSON,NC,159840
37059,DAVIE,NC,40513
37061,DUPLIN,NC,56039
37063,DURHAM,NC,258157
37065,EDGECOMBE,NC,55683
37067,FORSYTH,NC,343408
37069,FRANKLIN,NC,58187
37071,GASTON,NC,202426
37073,GATES,NC,11945
37075,GRAHAM,NC,8581
37077,GRANVILLE,NC,57617
37079,GREENE,NC,21060
37081,GUILFORD,NC,473936
37083,HALIFAX,NC,55280
37085,HARNETT,NC,109046
37087,HAYWOOD,NC,58254
37089,HENDERSON,NC,103266
37091,HERTFORD,NC,24193
37093,HOKE,NC,43913
37095,HYDE,NC,5653
37097,IREDELL,NC,153871
37099,JACKSON,NC,38668
37101,JOHNSTON,NC,159869
37103,JONES,NC,10043
37105,LEE,NC,55818
37107,LENOIR,NC,58930
37109,LINCOLN,NC,75139
37111,MCDOWELL,NC,44430
37113,MACON,NC,33300
37115,MADISON,NC,20491
37117,MARTIN,NC,24327
37119,MECKLENBURG,NC,879682
37121,MITCHELL,NC,15675
37123,MONTGOMERY,NC,27571
37125,MOORE,NC,85640
37127,NASH,NC,94074
37129,NEW HANOVER,NC,196169
37131,NORTHAMPTON,NC,21931
37133,ONSLOW,NC,168181
37135,ORANGE,NC,128732
37137,PAMLICO,NC,12986
37139,PASQUOTANK,NC,40160
37141,PENDER,NC,50109
37143,PERQUIMANS,NC,12978
37145,PERSON,NC,38671
37147,PITT,NC,159830
37149,POLK,NC,20084
37151,RANDOLPH,NC,139857
37153,RICHMOND,NC,46396
37155,ROBESON,NC,131061
37157,ROCKINGHAM,NC,93058
37159,ROWAN,NC,136786
37161,RUTHERFORD,NC,66299
37163,SAMPSON,NC,62842
37165,SCOTLAND,NC,36346
37167,STANLY,NC,59940
37169,STOKES,NC,46975
37171,SURRY,NC,73102
37173,SWAIN,NC,13791
37175,TRANSYLVANIA,NC,31980
37177,TYRRELL,NC,4332
37179,UNION,NC,188819
37181,VANCE,NC,44641
37183,WAKE,NC,846668
37185,WARREN,NC,20608
37187,WASHINGTON,NC,13182
37189,WATAUGA,NC,48949
37191,WAYNE,NC,119074
37193,WILKES,NC,68689
37195,WILSON,NC,79045
37197,YADKIN,NC,38034
37199,YANCEY,NC,17968
38001,ADAMS,ND,2339
38003,BARNES,ND,11026
38005,BENSON,ND,6701
38007,BILLINGS,ND,830
38009,BOTTINEAU,ND,6435
38011,BOWMAN,ND,3079
38013,BURKE,ND,1965
38015,BURLEIGH,ND,78583
38017,CASS,ND,143374
38019,CAVALIER,ND,4026
38021,DICKEY,ND,5345
38023,DIVIDE,ND,2030
38025,DUNN,ND,3473
38027,EDDY,ND,2456
38029,EMMONS,ND,3608
38031,FOSTER,ND,3445
38033,GOLDEN VALLEY,ND,1612
38035,GRAND FORKS,ND,66749
38037,GRANT,ND,2469
38039,GRIGGS,ND,2404
38041,HETTINGER,ND,2499
38043,KIDDER,ND,2446
38045,LAMOURE,ND,4220
38047,LOGAN,ND,1994
38049,MCHENRY,ND,5398
38051,MCINTOSH,ND,2900
38053,MCKENZIE,ND,6000
38055,MCLEAN,ND,8804
38057,MERCER,ND,8292
38059,MORTON,ND,26570
38061,MOUNTRAIL,ND,7150
38063,NELSON,ND,3192
38065,OLIVER,ND,1809
38067,PEMBINA,ND,7540
38069,PIERCE,ND,4334
38071,RAMSEY,ND,11361
38073,RANSOM,ND,5645
38075,RENVILLE,ND,2420
38077,RICHLAND,ND,16538
38079,ROLETTE,ND,13769
38081,SARGENT,ND,3995
38083,SHERIDAN,ND,1337
38085,SIOUX,ND,4132
38087,SLOPE,ND,729
38089,STARK,ND,23408
38091,STEELE,ND,1974
38093,STUTSMAN,ND,20896
38095,TOWNER,ND,2299
38097,TRAILL,ND,8170
38099,WALSH,ND,11260
38101,WARD,ND,59070
38103,WELLS,ND,4282
38105,WILLIAMS,ND,21110
39001,ADAMS,OH,28519
39003,ALLEN,OH,106326
39005,ASHLAND,OH,53539
39007,ASHTABULA,OH,101786
39009,ATHENS,OH,64224
39011,AUGLAIZE,OH,46106
39013,BELMONT,OH,70080
39015,BROWN,OH,44470
39017,BUTLER,OH,362372
39019,CARROLL,OH,28958
39021,CHAMPAIGN,OH,40024
39023,CLARK,OH,139536
39025,CLERMONT,OH,195058
39027,CLINTON,OH,42489
39029,COLUMBIANA,OH,108626
39031,COSHOCTON,OH,36942
39033,CRAWFORD,OH,44275
39035,CUYAHOGA,OH,1294179
39037,DARKE,OH,52822
39039,DEFIANCE,OH,39029
39041,DELAWARE,OH,165083
39043,ERIE,OH,77449
39045,FAIRFIELD,OH,143435
39047,FAYETTE,OH,28800
39049,FRANKLIN,OH,1138661
39051,FULTON,OH,42706
39053,GALLIA,OH,30930
39055,GEAUGA,OH,94267
39057,GREENE,OH,159746
39059,GUERNSEY,OH,40348
39061,HAMILTON,OH,809029
39063,HANCOCK,OH,74611
39065,HARDIN,OH,32032
39067,HARRISON,OH,15801
39069,HENRY,OH,28620
39071,HIGHLAND,OH,43461
39073,HOCKING,OH,29275
39075,HOLMES,OH,41995
39077,HURON,OH,59956
39079,JACKSON,OH,33180
39081,JEFFERSON,OH,69797
39083,KNOX,OH,59982
39085,LAKE,OH,230101
39087,LAWRENCE,OH,62650
39089,LICKING,OH,162560
39091,LOGAN,OH,46055
39093,LORAIN,OH,299957
39095,LUCAS,OH,447010
39097,MADISON,OH,42608
39099,MAHONING,OH,241799
39101,MARION,OH,66402
39103,MEDINA,OH,170021
39105,MEIGS,OH,23516
39107,MERCER,OH,40949
39109,MIAMI,OH,102147
39111,MONROE,OH,14691
39113,MONTGOMERY,OH,538821
39115,MORGAN,OH,15029
39117,MORROW,OH,34771
39119,MUSKINGUM,OH,85840
39121,NOBLE,OH,14580
39123,OTTAWA,OH,41503
39125,PAULDING,OH,19594
39127,PERRY,OH,35742
39129,PICKAWAY,OH,54973
39131,PIKE,OH,28552
39133,PORTAGE,OH,159277
39135,PREBLE,OH,42389
39137,PUTNAM,OH,34622
39139,RICHLAND,OH,125959
39141,ROSS,OH,77215
39143,SANDUSKY,OH,61196
39145,SCIOTO,OH,78543
39147,SENECA,OH,57032
39149,SHELBY,OH,49235
39151,STARK,OH,376821
39153,SUMMIT,OH,543340
39155,TRUMBULL,OH,212878
39157,TUSCARAWAS,OH,92323
39159,UNION,OH,50165
39161,VAN WERT,OH,29023
39163,VINTON,OH,13450
39165,WARREN,OH,207036
39167,WASHINGTON,OH,61986
39169,WAYNE,OH,114359
39171,WILLIAMS,OH,38217
39173,WOOD,OH,125382
39175,WYANDOT,OH,22648
40001,ADAIR,OK,22304
40003,ALFALFA,OK,5618
40005,ATOKA,OK,14176
40007,BEAVER,OK,5522
40009,BECKHAM,OK,21655
40011,BLAINE,OK,11766
40013,BRYAN,OK,40938
40015,CADDO,OK,28933
40017,CANADIAN,OK,108929
40019,CARTER,OK,47033
40021,CHEROKEE,OK,46074
40023,CHOCTAW,OK,15162
40025,CIMARRON,OK,2520
40027,CLEVELAND,OK,245191
40029,COAL,OK,5770
40031,COMANCHE,OK,118823
40033,COTTON,OK,6246
40035,CRAIG,OK,14959
40037,CREEK,OK,68882
40039,CUSTER,OK,26698
40041,DELAWARE,OK,40855
40043,DEWEY,OK,4668
40045,ELLIS,OK,3998
40047,GARFIELD,OK,58781
40049,GARVIN,OK,27376
40051,GRADY,OK,51358
40053,GRANT,OK,4578
40055,GREER,OK,6110
40057,HARMON,OK,2869
40059,HARPER,OK,3565
40061,HASKELL,OK,12504
40063,HUGHES,OK,13577
40065,JACKSON,OK,26283
40067,JEFFERSON,OK,6405
40069,JOHNSTON,OK,10760
40071,KAY,OK,46324
40073,KINGFISHER,OK,14686
40075,KIOWA,OK,9520
40077,LATIMER,OK,10929
40079,LE FLORE,OK,49723
40081,LINCOLN,OK,33545
40083,LOGAN,OK,39371
40085,LOVE,OK,9268
40087,MCCLAIN,OK,32875
40089,MCCURTAIN,OK,33183
40091,MCINTOSH,OK,19949
40093,MAJOR,OK,7446
40095,MARSHALL,OK,15352
40097,MAYES,OK,40623
40099,MURRAY,OK,13111
40101,MUSKOGEE,OK,70348
40103,NOBLE,OK,11436
40105,NOWATA,OK,10696
40107,OKFUSKEE,OK,11913
40109,OKLAHOMA,OK,703598
40111,OKMULGEE,OK,39541
40113,OSAGE,OK,46912
40115,OTTAWA,OK,32215
40117,PAWNEE,OK,16549
40119,PAYNE,OK,75966
40121,PITTSBURG,OK,45201
40123,PONTOTOC,OK,36563
40125,POTTAWATOMIE,OK,68829
40127,PUSHMATAHA,OK,11491
40129,ROGER MILLS,OK,3499
40131,ROGERS,OK,84681
40133,SEMINOLE,OK,25036
40135,SEQUOYAH,OK,41628
40137,STEPHENS,OK,44213
40139,TEXAS,OK,19888
40141,TILLMAN,OK,8156
40143,TULSA,OK,588623
40145,WAGONER,OK,69675
40147,WASHINGTON,OK,50276
40149,WASHITA,OK,11562
40151,WOODS,OK,8602
40153,WOODWARD,OK,19876
41001,BAKER,OR,16118
41003,BENTON,OR,83648
41005,CLACKAMAS,OR,371256
41007,CLATSOP,OR,36866
41009,COLUMBIA,OR,48925
41011,COOS,OR,63298
41013,CROOK,OR,21678
41015,CURRY,OR,22294
41017,DESCHUTES,OR,154278
41019,DOUGLAS,OR,106628
41021,GILLIAM,OR,1810
41023,GRANT,OR,7278
41025,HARNEY,OR,7267
41027,HOOD RIVER,OR,21608
41029,JACKSON,OR,200227
41031,JEFFERSON,OR,21449
41033,JOSEPHINE,OR,81953
41035,KLAMATH,OR,66479
41037,LAKE,OR,7782
41039,LANE,OR,346500
41041,LINCOLN,OR,45845
41043,LINN,OR,114067
41045,MALHEUR,OR,31227
41047,MARION,OR,309731
41049,MORROW,OR,11145
41051,MULTNOMAH,OR,709586
41053,POLK,OR,73806
41055,SHERMAN,OR,1780
41057,TILLAMOOK,OR,25167
41059,UMATILLA,OR,74520
41061,UNION,OR,25275
41063,WALLOWA,OR,6893
41065,WASCO,OR,24525
41067,WASHINGTON,OR,516806
41069,WHEELER,OR,1365
41071,YAMHILL,OR,96635
42001,ADAMS,PA,100828
42003,ALLEGHENY,PA,1223345
42005,ARMSTRONG,PA,69419
42007,BEAVER,PA,171892
42009,BEDFORD,PA,49841
42011,BERKS,PA,406330
42013,BLAIR,PA,126920
42015,BRADFORD,PA,62278
42017,BUCKS,PA,622588
42019,BUTLER,PA,182530
42021,CAMBRIA,PA,144825
42023,CAMERON,PA,5217
42025,CARBON,PA,64269
42027,CENTRE,PA,150292
42029,CHESTER,PA,489834
42031,CLARION,PA,40241
42033,CLEARFIELD,PA,82198
42035,CLINTON,PA,38693
42037,COLUMBIA,PA,66315
42039,CRAWFORD,PA,89082
42041,CUMBERLAND,PA,230735
42043,DAUPHIN,PA,263499
42045,DELAWARE,PA,556139
42047,ELK,PA,32519
42049,ERIE,PA,279230
42051,FAYETTE,PA,139655
42053,FOREST,PA,7452
42055,FRANKLIN,PA,145743
42057,FULTON,PA,14835
42059,GREENE,PA,39076
42061,HUNTINGDON,PA,45782
42063,INDIANA,PA,88580
42065,JEFFERSON,PA,45193
42067,JUNIATA,PA,24193
42069,LACKAWANNA,PA,213056
42071,LANCASTER,PA,509345
42073,LAWRENCE,PA,91560
42075,LEBANON,PA,130773
42077,LEHIGH,PA,342967
42079,LUZERNE,PA,317967
42081,LYCOMING,PA,116551
42083,MCKEAN,PA,43825
42085,MERCER,PA,117273
42087,MIFFLIN,PA,46499
42089,MONROE,PA,167359
42091,MONTGOMERY,PA,788221
42093,MONTOUR,PA,18096
42095,NORTHAMPTON,PA,294275
42097,NORTHUMBERLAND,PA,93643
42099,PERRY,PA,45478
42101,PHILADELPHIA,PA,1508297
42103,PIKE,PA,57139
42105,POTTER,PA,17535
42107,SCHUYLKILL,PA,148020
42109,SNYDER,PA,39229
42111,SOMERSET,PA,78137
42113,SULLIVAN,PA,6440
42115,SUSQUEHANNA,PA,43005
42117,TIOGA,PA,41531
42119,UNION,PA,44668
42121,VENANGO,PA,55242
42123,WARREN,PA,41725
42125,WASHINGTON,PA,206840
42127,WAYNE,PA,52054
42129,WESTMORELAND,PA,365473
42131,WYOMING,PA,28210
42133,YORK,PA,426664
44001,BRISTOL,RI,50452
44003,KENT,RI,167491
44005,NEWPORT,RI,82961
44007,PROVIDENCE,RI,628754
44009,WASHINGTON,RI,126858
45001,ABBEVILLE,SC,25594
45003,AIKEN,SC,156004
45005,ALLENDALE,SC,10652
45007,ANDERSON,SC,183021
45009,BAMBERG,SC,16035
45011,BARNWELL,SC,22760
45013,BEAUFORT,SC,154248
45015,BERKELEY,SC,169024
45017,CALHOUN,SC,15136
45019,CHARLESTON,SC,343082
45021,CHEROKEE,SC,54726
45023,CHESTER,SC,33150
45025,CHESTERFIELD,SC,45562
45027,CLARENDON,SC,34314
45029,COLLETON,SC,38835
45031,DARLINGTON,SC,68306
45033,DILLON,SC,31473
45035,DORCHESTER,SC,128535
45037,EDGEFIELD,SC,26442
45039,FAIRFIELD,SC,23924
45041,FLORENCE,SC,134430
45043,GEORGETOWN,SC,60251
45045,GREENVILLE,SC,435414
45047,GREENWOOD,SC,68778
45049,HAMPTON,SC,21127
45051,HORRY,SC,256888
45053,JASPER,SC,23410
45055,KERSHAW,SC,59824
45057,LANCASTER,SC,72303
45059,LAURENS,SC,67420
45061,LEE,SC,19685
45063,LEXINGTON,SC,251074
45065,MCCORMICK,SC,10166
45067,MARION,SC,33646
45069,MARLBORO,SC,28987
45071,NEWBERRY,SC,37288
45073,OCONEE,SC,72599
45075,ORANGEBURG,SC,92124
45077,PICKENS,SC,117488
45079,RICHLAND,SC,370332
45081,SALUDA,SC,19455
45083,SPARTANBURG,SC,277688
45085,SUMTER,SC,106236
45087,UNION,SC,28879
45089,WILLIAMSBURG,SC,34998
45091,YORK,SC,213754
46003,AURORA,SD,2762
46005,BEADLE,SD,16658
46007,BENNETT,SD,3441
46009,BON HOMME,SD,7065
46011,BROOKINGS,SD,30974
46013,BROWN,SD,35872
46015,BRULE,SD,5129
46017,BUFFALO,SD,1968
46019,BUTTE,SD,9825
46021,CAMPBELL,SD,1453
46023,CHARLES MIX,SD,9064
46025,CLARK,SD,3672
46027,CLAY,SD,13784
46029,CODINGTON,SD,26924
46031,CORSON,SD,4072
46033,CUSTER,SD,8058
46035,DAVISON,SD,19337
46037,DAY,SD,5703
46039,DEUEL,SD,4355
46041,DEWEY,SD,5462
46043,DOUGLAS,SD,3045
46045,EDMUNDS,SD,4035
46047,FALL RIVER,SD,7089
46049,FAULK,SD,2377
46051,GRANT,SD,7346
46053,GREGORY,SD,4242
46055,HAAKON,SD,1886
46057,HAMLIN,SD,5734
46059,HAND,SD,3378
46061,HANSON,SD,3420
46063,HARDING,SD,1279
46065,HUGHES,SD,16841
46067,HUTCHINSON,SD,7368
46069,HYDE,SD,1470
46071,JACKSON,SD,2963
46073,JERAULD,SD,2030
46075,JONES,SD,1062
46077,KINGSBURY,SD,5197
46079,LAKE,SD,11109
46081,LAWRENCE,SD,23595
46083,LINCOLN,SD,40709
46085,LYMAN,SD,3754
46087,MCCOOK,SD,5645
46089,MCPHERSON,SD,2513
46091,MARSHALL,SD,4565
46093,MEADE,SD,24999
46095,MELLETTE,SD,2033
46097,MINER,SD,2412
46099,MINNEHAHA,SD,167204
46101,MOODY,SD,6507
46103,PENNINGTON,SD,97728
46105,PERKINS,SD,2931
46107,POTTER,SD,2326
46109,ROBERTS,SD,10025
46111,SANBORN,SD,2393
46113,SHANNON,SD,13482
46115,SPINK,SD,6556
46117,STANLEY,SD,2876
46119,SULLY,SD,1385
46121,TODD,SD,9660
46123,TRIPP,SD,5746
46125,TURNER,SD,8367
46127,UNION,SD,13895
46129,WALWORTH,SD,5401
46135,YANKTON,SD,22151
46137,ZIEBACH,SD,2741
47001,ANDERSON,TN,74063
47003,BEDFORD,TN,44156
47005,BENTON,TN,16402
47007,BLEDSOE,TN,12954
47009,BLOUNT,TN,120842
47011,BRADLEY,TN,96916
47013,CAMPBELL,TN,40593
47015,CANNON,TN,13600
47017,CARROLL,TN,28660
47019,CARTER,TN,57902
47021,CHEATHAM,TN,38816
47023,CHESTER,TN,16689
47025,CLAIBORNE,TN,31752
47027,CLAY,TN,7893
47029,COCKE,TN,35433
47031,COFFEE,TN,52234
47033,CROCKETT,TN,14501
47035,CUMBERLAND,TN,54672
47037,DAVIDSON,TN,614169
47039,DECATUR,TN,11674
47041,DEKALB,TN,18578
47043,DICKSON,TN,48469
47045,DYER,TN,38082
47047,FAYETTE,TN,37307
47049,FENTRESS,TN,17711
47051,FRANKLIN,TN,41032
47053,GIBSON,TN,48908
47055,GILES,TN,29475
47057,GRAINGER,TN,22426
47059,GREENE,TN,67795
47061,GRUNDY,TN,13974
47063,HAMBLEN,TN,61821
47065,HAMILTON,TN,329233
47067,HANCOCK,TN,6753
47069,HARDEMAN,TN,27651
47071,HARDIN,TN,25997
47073,HAWKINS,TN,56578
47075,HAYWOOD,TN,19016
47077,HENDERSON,TN,27402
47079,HENRY,TN,31954
47081,HICKMAN,TN,24355
47083,HOUSTON,TN,8237
47085,HUMPHREYS,TN,18359
47087,JACKSON,TN,11382
47089,JEFFERSON,TN,50522
47091,JOHNSON,TN,18161
47093,KNOX,TN,423649
47095,LAKE,TN,7761
47097,LAUDERDALE,TN,27566
47099,LAWRENCE,TN,41244
47101,LEWIS,TN,11907
47103,LINCOLN,TN,32843
47105,LOUDON,TN,46804
47107,MCMINN,TN,52074
47109,MCNAIRY,TN,25691
47111,MACON,TN,21899
47113,MADISON,TN,97163
47115,MARION,TN,28092
47117,MARSHALL,TN,29788
47119,MAURY,TN,79097
47121,MEIGS,TN,11582
47123,MONROE,TN,44117
47125,MONTGOMERY,TN,162055
47127,MOORE,TN,6231
47129,MORGAN,TN,21304
47131,OBION,TN,31863
47133,OVERTON,TN,21626
47135,PERRY,TN,7753
47137,PICKETT,TN,5039
47139,POLK,TN,16545
47141,PUTNAM,TN,70407
47143,RHEA,TN,31104
47145,ROANE,TN,53979
47147,ROBERTSON,TN,64135
47149,RUTHERFORD,TN,248848
47151,SCOTT,TN,22120
47153,SEQUATCHIE,TN,13748
47155,SEVIER,TN,86933
47157,SHELBY,TN,922557
47159,SMITH,TN,18998
47161,STEWART,TN,13104
47163,SULLIVAN,TN,155413
47165,SUMNER,TN,155016
47167,TIPTON,TN,59313
47169,TROUSDALE,TN,7724
47171,UNICOI,TN,18165
47173,UNION,TN,19070
47175,VAN BUREN,TN,5489
47177,WARREN,TN,39570
47179,WASHINGTON,TN,119233
47181,WAYNE,TN,16950
47183,WEAKLEY,TN,34353
47185,WHITE,TN,25372
47187,WILLIAMSON,TN,172935
47189,WILSON,TN,109105
48001,ANDERSON,TX,57753
48003,ANDREWS,TX,13951
48005,ANGELINA,TX,84799
48007,ARANSAS,TX,23453
48009,ARCHER,TX,9020
48011,ARMSTRONG,TX,1940
48013,ATASCOSA,TX,43976
48015,AUSTIN,TX,27584
48017,BAILEY,TX,6924
48019,BANDERA,TX,20248
48021,BASTROP,TX,72152
48023,BAYLOR,TX,3797
48025,BEE,TX,32005
48027,BELL,TX,291826
48029,BEXAR,TX,1640297
48031,BLANCO,TX,9914
48033,BORDEN,TX,608
48035,BOSQUE,TX,18012
48037,BOWIE,TX,91378
48039,BRAZORIA,TX,299031
48041,BRAZOS,TX,182965
48043,BREWSTER,TX,8993
48045,BRISCOE,TX,1671
48047,BROOKS,TX,7372
48049,BROWN,TX,38204
48051,BURLESON,TX,16995
48053,BURNET,TX,42397
48055,CALDWELL,TX,37338
48057,CALHOUN,TX,20995
48059,CALLAHAN,TX,13425
48061,CAMERON,TX,391766
48063,CAMP,TX,12310
48065,CARSON,TX,6290
48067,CASS,TX,30095
48069,CASTRO,TX,7751
48071,CHAMBERS,TX,31704
48073,CHEROKEE,TX,49714
48075,CHILDRESS,TX,7178
48077,CLAY,TX,10947
48079,COCHRAN,TX,3143
48081,COKE,TX,3387
48083,COLEMAN,TX,8797
48085,COLLIN,TX,737256
48087,COLLINGSWORTH,TX,3004
48089,COLORADO,TX,20708
48091,COMAL,TX,103049
48093,COMANCHE,TX,13794
48095,CONCHO,TX,3984
48097,COOKE,TX,38318
48099,CORYELL,TX,73924
48101,COTTLE,TX,1603
48103,CRANE,TX,4091
48105,CROCKETT,TX,3746
48107,CROSBY,TX,6239
48109,CULBERSON,TX,2485
48111,DALLAM,TX,6430
48113,DALLAS,TX,2330486
48115,DAWSON,TX,13844
48117,DEAF SMITH,TX,18947
48119,DELTA,TX,5278
48121,DENTON,TX,625714
48123,DE WITT,TX,20004
48125,DICKENS,TX,2439
48127,DIMMIT,TX,9912
48129,DONLEY,TX,3701
48131,DUVAL,TX,12033
48133,EASTLAND,TX,18517
48135,ECTOR,TX,132391
48137,EDWARDS,TX,2018
48139,ELLIS,TX,143174
48141,EL PASO,TX,765786
48143,ERATH,TX,36926
48145,FALLS,TX,17680
48147,FANNIN,TX,33632
48149,FAYETTE,TX,23946
48151,FISHER,TX,4051
48153,FLOYD,TX,6613
48155,FOARD,TX,1344
48157,FORT BEND,TX,536211
48159,FRANKLIN,TX,10711
48161,FREESTONE,TX,19333
48163,FRIO,TX,16840
48165,GAINES,TX,16390
48167,GALVESTON,TX,286128
48169,GARZA,TX,5966
48171,GILLESPIE,TX,24067
48173,GLASSCOCK,TX,1249
48175,GOLIAD,TX,7144
48177,GONZALES,TX,19612
48179,GRAY,TX,22422
48181,GRAYSON,TX,118850
48183,GREGG,TX,119020
48185,GRIMES,TX,26115
48187,GUADALUPE,TX,121055
48189,HALE,TX,35963
48191,HALL,TX,3432
48193,HAMILTON,TX,8400
48195,HANSFORD,TX,5424
48197,HARDEMAN,TX,4219
48199,HARDIN,TX,52947
48201,HARRIS,TX,3942473
48203,HARRISON,TX,64348
48205,HARTLEY,TX,5831
48207,HASKELL,TX,5750
48209,HAYS,TX,145624
48211,HEMPHILL,TX,3628
48213,HENDERSON,TX,78377
48215,HIDALGO,TX,731322
48217,HILL,TX,34911
48219,HOCKLEY,TX,22846
48221,HOOD,TX,49691
48223,HOPKINS,TX,34416
48225,HOUSTON,TX,23460
48227,HOWARD,TX,33960
48229,HUDSPETH,TX,3392
48231,HUNT,TX,84422
48233,HUTCHINSON,TX,22003
48235,IRION,TX,1615
48237,JACK,TX,9016
48239,JACKSON,TX,13993
48241,JASPER,TX,35146
48243,JEFF DAVIS,TX,2291
48245,JEFFERSON,TX,248198
48247,JIM HOGG,TX,5166
48249,JIM WELLS,TX,40706
48251,JOHNSON,TX,147829
48253,JONES,TX,20019
48255,KARNES,TX,14929
48257,KAUFMAN,TX,97907
48259,KENDALL,TX,31488
48261,KENEDY,TX,372
48263,KENT,TX,787
48265,KERR,TX,48566
48267,KIMBLE,TX,4546
48269,KING,TX,253
48271,KINNEY,TX,3510
48273,KLEBERG,TX,31439
48275,KNOX,TX,3678
48277,LAMAR,TX,49456
48279,LAMB,TX,14077
48281,LAMPASAS,TX,19823
48283,LA SALLE,TX,6590
48285,LAVACA,TX,19139
48287,LEE,TX,16454
48289,LEON,TX,16614
48291,LIBERTY,TX,74934
48293,LIMESTONE,TX,23060
48295,LIPSCOMB,TX,3182
48297,LIVE OAK,TX,11479
48299,LLANO,TX,18837
48301,LOVING,TX,69
48303,LUBBOCK,TX,268684
48305,LYNN,TX,5965
48307,MCCULLOCH,TX,8161
48309,MCLENNAN,TX,229315
48311,MCMULLEN,TX,790
48313,MADISON,TX,13388
48315,MARION,TX,10751
48317,MARTIN,TX,4579
48319,MASON,TX,3912
48321,MATAGORDA,TX,36696
48323,MAVERICK,TX,52257
48325,MEDINA,TX,44848
48327,MENARD,TX,2199
48329,MIDLAND,TX,131309
48331,MILAM,TX,24908
48333,MILLS,TX,4894
48335,MITCHELL,TX,9323
48337,MONTAGUE,TX,19763
48339,MONTGOMERY,TX,425019
48341,MOORE,TX,20899
48343,MORRIS,TX,13053
48345,MOTLEY,TX,1163
48347,NACOGDOCHES,TX,63036
48349,NAVARRO,TX,47673
48351,NEWTON,TX,14297
48353,NOLAN,TX,14928
48355,NUECES,TX,332139
48357,OCHILTREE,TX,9886
48359,OLDHAM,TX,2028
48361,ORANGE,TX,82226
48363,PALO PINTO,TX,27831
48365,PANOLA,TX,23503
48367,PARKER,TX,111396
48369,PARMER,TX,9990
48371,PECOS,TX,15464
48373,POLK,TX,45743
48375,POTTER,TX,120243
48377,PRESIDIO,TX,7668
48379,RAINS,TX,10980
48381,RANDALL,TX,116209
48383,REAGAN,TX,3252
48385,REAL,TX,3243
48387,RED RIVER,TX,12995
48389,REEVES,TX,12921
48391,REFUGIO,TX,7418
48393,ROBERTS,TX,901
48395,ROBERTSON,TX,16467
48397,ROCKWALL,TX,73160
48399,RUNNELS,TX,10480
48401,RUSK,TX,51463
48403,SABINE,TX,10550
48405,SAN AUGUSTINE,TX,8964
48407,SAN JACINTO,TX,25705
48409,SAN PATRICIO,TX,66522
48411,SAN SABA,TX,5990
48413,SCHLEICHER,TX,3196
48415,SCURRY,TX,16469
48417,SHACKELFORD,TX,3258
48419,SHELBY,TX,25576
48421,SHERMAN,TX,2988
48423,SMITH,TX,202413
48425,SOMERVELL,TX,8111
48427,STARR,TX,60096
48429,STEPHENS,TX,9528
48431,STERLING,TX,1165
48433,STONEWALL,TX,1424
48435,SUTTON,TX,4255
48437,SWISHER,TX,7803
48439,TARRANT,TX,1736911
48441,TAYLOR,TX,129028
48443,TERRELL,TX,900
48445,TERRY,TX,12432
48447,THROCKMORTON,TX,1688
48449,TITUS,TX,30641
48451,TOM GREEN,TX,107808
48453,TRAVIS,TX,978547
48455,TRINITY,TX,14373
48457,TYLER,TX,21276
48459,UPSHUR,TX,38535
48461,UPTON,TX,3199
48463,UVALDE,TX,26342
48465,VAL VERDE,TX,47942
48467,VAN ZANDT,TX,52292
48469,VICTORIA,TX,85881
48471,WALKER,TX,65914
48473,WALLER,TX,39988
48475,WARD,TX,10465
48477,WASHINGTON,TX,32785
48479,WEBB,TX,238807
48481,WHARTON,TX,41000
48483,WHEELER,TX,5160
48485,WICHITA,TX,130511
48487,WILBARGER,TX,13635
48489,WILLACY,TX,21545
48491,WILLIAMSON,TX,388785
48493,WILSON,TX,40934
48495,WINKLER,TX,6876
48497,WISE,TX,57960
48499,WOOD,TX,41676
48501,YOAKUM,TX,7666
48503,YOUNG,TX,18169
48505,ZAPATA,TX,13591
48507,ZAVALA,TX,11679
49001,BEAVER,UT,6365
49003,BOX ELDER,UT,48064
49005,CACHE,UT,107137
49007,CARBON,UT,20527
49009,DAGGETT,UT,908
49011,DAVIS,UT,293094
49013,DUCHESNE,UT,17169
49015,EMERY,UT,10659
49017,GARFIELD,UT,4876
49019,GRAND,UT,9040
49021,IRON,UT,44107
49023,JUAB,UT,9792
49025,KANE,UT,6821
49027,MILLARD,UT,12143
49029,MORGAN,UT,8915
49031,PIUTE,UT,1556
49033,RICH,UT,2162
49035,SALT LAKE,UT,999886
49037,SAN JUAN,UT,14301
49039,SANPETE,UT,26305
49041,SEVIER,UT,20307
49043,SUMMIT,UT,35375
49045,TOOELE,UT,55171
49047,UINTAH,UT,30614
49049,UTAH,UT,487940
49051,WASATCH,UT,21907
49053,WASHINGTON,UT,133631
49055,WAYNE,UT,2667
49057,WEBER,UT,222410
50001,ADDISON,VT,36814
50003,BENNINGTON,VT,37006
50005,CALEDONIA,VT,31085
50007,CHITTENDEN,VT,154166
50009,ESSEX,VT,6375
50011,FRANKLIN,VT,47608
50013,GRAND ISLE,VT,7186
50015,LAMOILLE,VT,24198
50017,ORANGE,VT,29062
50019,ORLEANS,VT,27255
50021,RUTLAND,VT,62431
50023,WASHINGTON,VT,59289
50025,WINDHAM,VT,44289
50027,WINDSOR,VT,56900
51001,ACCOMACK,VA,34780
51003,ALBEMARLE,VA,96129
51005,ALLEGHANY,VA,16418
51007,AMELIA,VA,12523
51009,AMHERST,VA,32278
51011,APPOMATTOX,VA,14583
51013,ARLINGTON,VA,198741
51015,AUGUSTA,VA,72839
51017,BATH,VA,4759
51019,BEDFORD,VA,67427
51021,BLAND,VA,6865
51023,BOTETOURT,VA,32751
51025,BRUNSWICK,VA,17720
51027,BUCHANAN,VA,24334
51029,BUCKINGHAM,VA,16714
51031,CAMPBELL,VA,53925
51033,CAROLINE,VA,27690
51035,CARROLL,VA,29858
51036,CHARLES CITY,VA,7191
51037,CHARLOTTE,VA,12583
51041,CHESTERFIELD,VA,307072
51043,CLARKE,VA,14085
51045,CRAIG,VA,5158
51047,CULPEPER,VA,45665
51049,CUMBERLAND,VA,9782
51051,DICKENSON,VA,15982
51053,DINWIDDIE,VA,27177
51057,ESSEX,VA,10873
51059,FAIRFAX,VA,1042957
51061,FAUQUIER,VA,64831
51063,FLOYD,VA,14985
51065,FLUVANNA,VA,25293
51067,FRANKLIN,VA,54337
51069,FREDERICK,VA,75259
51071,GILES,VA,17173
51073,GLOUCESTER,VA,36818
51075,GOOCHLAND,VA,20982
51077,GRAYSON,VA,15893
51079,GREENE,VA,18061
51081,GREENSVILLE,VA,12117
51083,HALIFAX,VA,36175
51085,HANOVER,VA,99091
51087,HENRICO,VA,298387
51089,HENRY,VA,54951
51091,HIGHLAND,VA,2396
51093,ISLE OF WIGHT,VA,34722
51095,JAMES CITY,VA,63798
51097,KING AND QUEEN,VA,6918
51099,KING GEORGE,VA,22728
51101,KING WILLIAM,VA,15481
51103,LANCASTER,VA,11469
51105,LEE,VA,25340
51107,LOUDOUN,VA,289556
51109,LOUISA,VA,32124
51111,LUNENBURG,VA,12953
51113,MADISON,VA,13365
51115,MATHEWS,VA,9005
51117,MECKLENBURG,VA,32639
51119,MIDDLESEX,VA,10781
51121,MONTGOMERY,VA,91933
51125,NELSON,VA,15013
51127,NEW KENT,VA,17571
51131,NORTHAMPTON,VA,12701
51133,NORTHUMBERLAND,VA,12503
51135,NOTTOWAY,VA,15813
51137,ORANGE,VA,32645
51139,PAGE,VA,24108
51141,PATRICK,VA,18668
51143,PITTSYLVANIA,VA,62811
51145,POWHATAN,VA,27677
51147,PRINCE EDWARD,VA,22478
51149,PRINCE GEORGE,VA,35304
51153,PRINCE WILLIAM,VA,376820
51155,PULASKI,VA,34949
51157,RAPPAHANNOCK,VA,7369
51159,RICHMOND,VA,9297
51161,ROANOKE,VA,91322
51163,ROCKBRIDGE,VA,22102
51165,ROCKINGHAM,VA,74690
51167,RUSSELL,VA,28821
51169,SCOTT,VA,23155
51171,SHENANDOAH,VA,41317
51173,SMYTH,VA,32317
51175,SOUTHAMPTON,VA,18446
51177,SPOTSYLVANIA,VA,120036
51179,STAFFORD,VA,124036
51181,SURRY,VA,7025
51183,SUSSEX,VA,12151
51185,TAZEWELL,VA,44579
51187,WARREN,VA,36904
51191,WASHINGTON,VA,54029
51193,WESTMORELAND,VA,17238
51195,WISE,VA,41520
51197,WYTHE,VA,28917
51199,YORK,VA,64353
51510,ALEXANDRIA CITY,VA,134698
51515,BEDFORD CITY,VA,6174
51520,BRISTOL,VA,17650
51530,BUENA VISTA CITY,VA,6604
51540,CHARLOTTESVILLE CITY,VA,42054
51550,CHESAPEAKE CITY,VA,219420
51560,CLIFTON FORGE CITY,VA,NA
51570,COLONIAL HEIGHTS CITY,VA,17500
51580,COVINGTON CITY,VA,6010
51590,DANVILLE CITY,VA,43985
51595,EMPORIA CITY,VA,5773
51600,FAIRFAX CITY,VA,22231
51610,FALLS CHURCH CITY,VA,11408
51620,FRANKLIN CITY,VA,8574
51630,FREDERICKSBURG CITY,VA,23327
51640,GALAX CITY,VA,6899
51650,HAMPTON CITY,VA,140084
51660,HARRISONBURG CITY,VA,46908
51670,HOPEWELL CITY,VA,22560
51678,LEXINGTON CITY,VA,6969
51680,LYNCHBURG CITY,VA,73342
51683,MANASSAS CITY,VA,35977
51685,MANASSAS PARK CITY,VA,12987
51690,MARTINSVILLE CITY,VA,14113
51700,NEWPORT NEWS CITY,VA,183385
51710,NORFOLK CITY,VA,241295
51720,NORTON CITY,VA,3862
51730,PETERSBURG CITY,VA,32362
51735,POQUOSON CITY,VA,12040
51740,PORTSMOUTH CITY,VA,97451
51750,RADFORD,VA,16296
51760,RICHMOND CITY,VA,201770
51770,ROANOKE CITY,VA,95292
51775,SALEM,VA,24710
51790,STAUNTON CITY,VA,23814
51800,SUFFOLK CITY,VA,82208
51810,VIRGINIA BEACH CITY,VA,436175
51820,WAYNESBORO CITY,VA,21002
51830,WILLIAMSBURG CITY,VA,13278
51840,WINCHESTER CITY,VA,25977
53001,ADAMS,WA,17710
53003,ASOTIN,WA,21351
53005,BENTON,WA,166098
53007,CHELAN,WA,70921
53009,CLALLAM,WA,70562
53011,CLARK,WA,414994
53013,COLUMBIA,WA,3946
53015,COWLITZ,WA,100964
53017,DOUGLAS,WA,36970
53019,FERRY,WA,7499
53021,FRANKLIN,WA,71116
53023,GARFIELD,WA,2222
53025,GRANT,WA,84778
53027,GRAYS HARBOR,WA,71848
53029,ISLAND,WA,78986
53031,JEFFERSON,WA,29506
53033,KING,WA,1876158
53035,KITSAP,WA,246124
53037,KITTITAS,WA,39652
53039,KLICKITAT,WA,20076
53041,LEWIS,WA,74446
53043,LINCOLN,WA,10485
53045,MASON,WA,58804
53047,OKANOGAN,WA,40113
53049,PACIFIC,WA,21234
53051,PEND OREILLE,WA,12866
53053,PIERCE,WA,781195
53055,SAN JUAN,WA,15501
53057,SKAGIT,WA,115327
53059,SKAMANIA,WA,10836
53061,SNOHOMISH,WA,690890
53063,SPOKANE,WA,459856
53065,STEVENS,WA,42947
53067,THURSTON,WA,242620
53069,WAHKIAKUM,WA,3985
53071,WALLA WALLA,WA,57577
53073,WHATCOM,WA,195384
53075,WHITMAN,WA,43425
53077,YAKIMA,WA,235766
54001,BARBOUR,WV,16117
54003,BERKELEY,WV,100608
54005,BOONE,WV,24892
54007,BRAXTON,WV,14563
54009,BROOKE,WV,24128
54011,CABELL,WV,95343
54013,CALHOUN,WV,7538
54015,CLAY,WV,9652
54017,DODDRIDGE,WV,7910
54019,FAYETTE,WV,46146
54021,GILMER,WV,8167
54023,GRANT,WV,11920
54025,GREENBRIER,WV,35294
54027,HAMPSHIRE,WV,23387
54029,HANCOCK,WV,30766
54031,HARDY,WV,13762
54033,HARRISON,WV,68440
54035,JACKSON,WV,28951
54037,JEFFERSON,WV,51813
54039,KANAWHA,WV,192476
54041,LEWIS,WV,16520
54043,LINCOLN,WV,21926
54045,LOGAN,WV,36374
54047,MCDOWELL,WV,22599
54049,MARION,WV,56381
54051,MARSHALL,WV,33339
54053,MASON,WV,26776
54055,MERCER,WV,61769
54057,MINERAL,WV,27636
54059,MINGO,WV,26869
54061,MONONGALIA,WV,92015
54063,MONROE,WV,13514
54065,MORGAN,WV,17243
54067,NICHOLAS,WV,26165
54069,OHIO,WV,44545
54071,PENDLETON,WV,7745
54073,PLEASANTS,WV,7639
54075,POCAHONTAS,WV,8790
54077,PRESTON,WV,32565
54079,PUTNAM,WV,54959
54081,RALEIGH,WV,78519
54083,RANDOLPH,WV,29098
54085,RITCHIE,WV,10476
54087,ROANE,WV,15119
54089,SUMMERS,WV,13737
54091,TAYLOR,WV,16651
54093,TUCKER,WV,7088
54095,TYLER,WV,9291
54097,UPSHUR,WV,23913
54099,WAYNE,WV,42451
54101,WEBSTER,WV,9290
54103,WETZEL,WV,16662
54105,WIRT,WV,5758
54107,WOOD,WV,86686
54109,WYOMING,WV,23922
55001,ADAMS,WI,20963
55003,ASHLAND,WI,16221
55005,BARRON,WI,45879
55007,BAYFIELD,WI,15117
55009,BROWN,WI,244195
55011,BUFFALO,WI,13738
55013,BURNETT,WI,15821
55015,CALUMET,WI,47388
55017,CHIPPEWA,WI,61212
55019,CLARK,WI,34394
55021,COLUMBIA,WI,56120
55023,CRAWFORD,WI,16823
55025,DANE,WI,477553
55027,DODGE,WI,88770
55029,DOOR,WI,27967
55031,DOUGLAS,WI,43878
55033,DUNN,WI,43218
55035,EAU CLAIRE,WI,97375
55037,FLORENCE,WI,4622
55039,FOND DU LAC,WI,100678
55041,FOREST,WI,9585
55043,GRANT,WI,50445
55045,GREEN,WI,36319
55047,GREEN LAKE,WI,19050
55049,IOWA,WI,23635
55051,IRON,WI,6119
55053,JACKSON,WI,20212
55055,JEFFERSON,WI,82346
55057,JUNEAU,WI,26706
55059,KENOSHA,WI,164053
55061,KEWAUNEE,WI,20620
55063,LA CROSSE,WI,112576
55065,LAFAYETTE,WI,16643
55067,LANGLADE,WI,20226
55069,LINCOLN,WI,29165
55071,MANITOWOC,WI,81526
55073,MARATHON,WI,132176
55075,MARINETTE,WI,42081
55077,MARQUETTE,WI,15345
55078,MENOMINEE,WI,4306
55079,MILWAUKEE,WI,939505
55081,MONROE,WI,43901
55083,OCONTO,WI,37672
55085,ONEIDA,WI,36380
55087,OUTAGAMIE,WI,174252
55089,OZAUKEE,WI,85866
55091,PEPIN,WI,7496
55093,PIERCE,WI,40385
55095,POLK,WI,44259
55097,PORTAGE,WI,69272
55099,PRICE,WI,14470
55101,RACINE,WI,195282
55103,RICHLAND,WI,18185
55105,ROCK,WI,159788
55107,RUSK,WI,14787
55109,SAINT CROIX,WI,82270
55111,SAUK,WI,60550
55113,SAWYER,WI,16666
55115,SHAWANO,WI,41708
55117,SHEBOYGAN,WI,115119
55119,TAYLOR,WI,20367
55121,TREMPEALEAU,WI,28408
55123,VERNON,WI,29396
55125,VILAS,WI,21793
55127,WALWORTH,WI,101522
55129,WASHBURN,WI,16083
55131,WASHINGTON,WI,129823
55133,WAUKESHA,WI,384939
55135,WAUPACA,WI,52469
55137,WAUSHARA,WI,24658
55139,WINNEBAGO,WI,164444
55141,WOOD,WI,74492
56001,ALBANY,WY,34580
56003,BIG HORN,WY,11429
56005,CAMPBELL,WY,42557
56007,CARBON,WY,15541
56009,CONVERSE,WY,13299
56011,CROOK,WY,6684
56013,FREMONT,WY,38625
56015,GOSHEN,WY,12750
56017,HOT SPRINGS,WY,4681
56019,JOHNSON,WY,8262
56021,LARAMIE,WY,88825
56023,LINCOLN,WY,17206
56025,NATRONA,WY,73242
56027,NIOBRARA,WY,2411
56029,PARK,WY,27499
56031,PLATTE,WY,8622
56033,SHERIDAN,WY,28288
56035,SUBLETTE,WY,9025
56037,SWEETWATER,WY,41718
56039,TETON,WY,20683
56041,UINTA,WY,20411
56043,WASHAKIE,WY,8177
56045,WESTON,WY,7001
